SO Name,NESLI2 Maney Full collection 2012_2012,,,,,,,,,,,,,,,,,,,,,,
SO Identifier,maney_collection_2012_2012_Nesli2,,,,,,,,,,,,,,,,,,,,,,
Provider,Maney Publishing,,,,,,,,,,,,,,,,,,,,,,
Package Identifier,Full Collection,,,,,,,,,,,,,,,,,,,,,,
Package Name,Full Collection,,,,,,,,,,,,,,,,,,,,,,
Agreement Term Start Year,2012,,,,,,,,,,,,,,,,,,,,,,
Agreement Term End Year,2012,,,,,,,,,,,,,,,,,,,,,,
Consortium,NESLI2,,,,,,,,,,,,,,,,,,,,,,
Number of Proprietary_ID columns,0,,,,,,,,,,,,,,,,,,,,,,
Number of Platforms listed,3,,,,,,,,,,,,,,,,,,,,,,
publication_title,print_identifier,online_identifier,date_first_issue_online,num_first_vol_online,num_first_issue_online,date_last_issue_online,num_last_vol_online,num_last_issue_online,title_id,embargo_info,coverage_depth,coverage_notes,publisher_name,DOI,platform_name,platform_role,platform_title_url,platform_name,platform_role,platform_title_url,platform_name,platform_role,platform_title_url
"Advances in Applied Ceramics: Structural, Functional and Bioceramics",1743-6753,1743-6761,1999,104,1,,,,aac,,Full Text,,Maney Publishing,,Ingenta Connect,host,http://www.ingentaconnect.com/content/maney/aac,Ingenta Connect ,administrative,,Highwire,administrative,
Ambix:  The Journal of the Society for the History of Alchemy and Chemistry,0002-6980,1745-8234,1937,1,1,,,,amb,,Full Text,,Maney Publishing,,Ingenta Connect,host,http://www.ingentaconnect.com/content/maney/amb,Ingenta Connect ,administrative,,Highwire,administrative,
Annals of Tropical Medicine & Parasitology,2046-9047,2046-9055,2002,93,1,2011,105,7,,,Full Text,,,,Ingenta Connect,host,http://www.ingentaconnect.com/content/maney/atmp,Ingenta Connect ,administrative,,Highwire,administrative,
Annals of Tropical Paediatrics,2047-7724,2047-7732,2002,22,1,2011,31,4,,,Full Text,,Maney Publishing,,Ingenta Connect,host,http://www.ingentaconnect.com/content/maney/atp,Ingenta Connect ,administrative,,Highwire,administrative,
Applied Earth Science (Transactions of the Institutions of Mining and Metallurgy: Section B),0371-7453,1743-2758,2000,109,1,,,,aes,,Full Text,,Maney Publishing,,Ingenta Connect,host,http://www.ingentaconnect.com/content/maney/aes,Ingenta Connect ,administrative,,Highwire,administrative,
Arms & Armour,1741-6124,1749-6268,2004,1,1,,,,aaa,,Full Text,,Maney Publishing,,Ingenta Connect,host,http://www.ingentaconnect.com/content/maney/aaa,Ingenta Connect ,administrative,,Highwire,administrative,
British Ceramic Transactions,0967-9782: ,1743-2766,1999,98,1,2004,103,6,bct,,Full Text,,Maney Publishing,,Ingenta Connect,host,http://www.ingentaconnect.com/content/maney/bct,Ingenta Connect ,administrative,,Highwire,administrative,
British Corrosion Journals,0007-0599,,1965,1,1,,37,4,bjc,,Full Text,,Maney Publishing,,Ingenta Connect,host,http://www.ingentaconnect.com/content/maney/bcj,Ingenta Connect ,administrative,,Highwire,administrative,
Bronte Society Transactions,"0309-7765
",,2001,1,1,,26,2,,,Full Text,,Maney Publishing,,Ingenta Connect,host,,Ingenta Connect ,administrative,,Highwire,administrative,
Bronte Studies,1474-8932,1745-8226,2002,27,1,,,,bst,,Full Text,,Maney Publishing,,Ingenta Connect,host,http://www.ingentaconnect.com/content/maney/bst,Ingenta Connect ,administrative,,Highwire,administrative,
"Bubble Science, Engineering & Technology",1758-8960,1758-8979,2009,1,1,,,,bub,,Full Text,,Maney Publishing,,Ingenta Connect,host,http://www.ingentaconnect.com/content/maney/bub,Ingenta Connect ,administrative,,Highwire,administrative,
Bulletin for the Council for British Research in the Levant ,1752-7260,1752-7279,2006,1,1,2011,6,1,,,Full Text,,Maney Publishing,,Ingenta Connect,host,http://www.ingentaconnect.com/content/maney/brl,Ingenta Connect ,administrative,,Highwire,administrative,
Byzantine and Modern Greek Studies,0307-0131,1749-625X,1975,1,1,,,,byz,,Full Text,,Maney Publishing,,Ingenta Connect,host,http://www.ingentaconnect.com/content/maney/byz,Ingenta Connect ,administrative,,Highwire,administrative,
Canadian Metallurgical Quarterly ,0008-4433,1879-1395,1962,1,1,,,,cmq,,Full Text,,Maney Publishing,,Ingenta Connect,host,http://www.ingentaconnect.com/content/maney/cmq,Ingenta Connect ,administrative,,Highwire,administrative,
Central Europe,1479-0963,1745-8218,2003,1,1,,,,ceu,,Full Text,,Maney Publishing,,Ingenta Connect,host,http://www.ingentaconnect.com/content/maney/ceu,Ingenta Connect ,administrative,,Highwire,administrative,
Cochlear Implants International,1467-0100,1754-7628,2000,1,1,,,,cii,,Full Text,,Maney Publishing,,Ingenta Connect,host,http://www.ingentaconnect.com/content/maney/cii,Ingenta Connect ,administrative,,Highwire,administrative,
Comparative American Studies,1477-5700,1741-2676,2003,1,1,,,,cas,,Full Text,,Maney Publishing,,Ingenta Connect,host,http://www.ingentaconnect.com/content/maney/cas,Ingenta Connect ,administrative,,Highwire,administrative,
Competition & Change,1024-5294,1477-2221,2002,1,1,,,,,,Full Text,,Maney Publishing,,Ingenta Connect,host,http://www.ingentaconnect.com/content/maney/com,Ingenta Connect ,administrative,,Highwire,administrative,
Conservation and Management of Archaelogical Sites,1350-5033,1753-5522,1995,1,1,,,,cma,,Full Text,,Maney Publishing,,Ingenta Connect,host,http://www.ingentaconnect.com/content/maney/cma,Ingenta Connect ,administrative,,Highwire,administrative,
"Corrosion Engineering, Science and Technology",1478-422X,1743-2782,1966,38,1,,,,cest,,Full Text,,Maney Publishing,,Ingenta Connect,host,http://www.ingentaconnect.com/content/maney/cest,Ingenta Connect ,administrative,,Highwire,administrative,
Costume:  Journal of the Costume Society,0590-8876,1749-6306,1965,1,2,,,,cos,,Full Text,,Maney Publishing,,Ingenta Connect,host,http://www.ingentaconnect.com/content/maney/cos,Ingenta Connect ,administrative,,Highwire,administrative,
Deafness & Education International,1464-3154,1557-069X,1999,1,1,,,,dei,,Full Text,,Maney Publishing,,Ingenta Connect,host,http://www.ingentaconnect.com/content/maney/dei,Ingenta Connect ,administrative,,Highwire,administrative,
Dix-Neuf ,,1478-7318,2003,1,1,,,,dix,,Full Text,,Maney Publishing,,Ingenta Connect,host,http://www.ingentaconnect.com/content/maney/dix,Ingenta Connect ,administrative,,Highwire,administrative,
Dress,0361-2112,2042-1729,2010,36,1,,,,dre,,Full Text,,Maney Publishing,,Ingenta Connect,host,http://www.ingentaconnect.com/content/maney/dre,Ingenta Connect ,administrative,,Highwire,administrative,
Dutch Crossing,0309-6564,1759-7854,2009,33,1,,,,dtc,,Full Text,,Maney Publishing,,Ingenta Connect,host,http://www.ingentaconnect.com/content/maney/dtc,Ingenta Connect ,administrative,,Highwire,administrative,
Early Medieval China,1529-9104,1946-7842,1994,1,1,,,,emc,,Full Text,,Maney Publishing,,Ingenta Connect,host,http://www.ingentaconnect.com/content/maney/emc,Ingenta Connect ,administrative,,Highwire,administrative,
Energy Materials,1748-9237,1748-9245,2006,1,1,2009,4,3,ema,,Full Text,,Maney Publishing,,Ingenta Connect,host,http://www.ingentaconnect.com/content/maney/ema,Ingenta Connect ,administrative,,Highwire,administrative,
English Heritage Historical Review,1752-0169,2046-9187,2006,1,1,,,,ehr,,Full Text,,Maney Publishing,,Ingenta Connect,host,http://www.ingentaconnect.com/content/maney/ehr,Ingenta Connect ,administrative,,Highwire,administrative,
Environmental Archaeology,1461-4103,1749-6314,1996,1,1,,,,env,,Full Text,,Maney Publishing,,Ingenta Connect,host,http://www.ingentaconnect.com/content/maney/env,Ingenta Connect ,administrative,,Highwire,administrative,
European Journal of Archaeology,1461-9571,1741-2722,2011,14,1,,,,eja,,Full Text,,Maney Publishing,,Ingenta Connect,host,http://www.ingentaconnect.com/content/maney/eja,Ingenta Connect ,administrative,,Highwire,administrative,
Exemplaria:  A Journal of Theory in Medieval Renaissance Studies,1041-2573,1753-3074,1989,1,1,,,,exm,,Full Text,,Maney Publishing,,Ingenta Connect,host,http://www.ingentaconnect.com/content/maney/exm,Ingenta Connect ,administrative,,Highwire,administrative,
Family & Community History,1463-1180,1751-3812,2006,9,1,,,,fch,,Full Text,,Maney Publishing,,Ingenta Connect,host,http://www.ingentaconnect.com/content/maney/fch,Ingenta Connect ,administrative,,Highwire,administrative,
Folk Life:  Journal of Ethnological Studies,0430-8778,1759-670X,1963,1,1,,,,flk,,Full Text,,Maney Publishing,,Ingenta Connect,host,http://www.ingentaconnect.com/content/maney/flk,Ingenta Connect ,administrative,,Highwire,administrative,
Hematology,1024-5332,1607-8454,2002,7,2,,,,hem,,Full Text,,Maney Publishing,,Ingenta Connect,host,http://www.ingentaconnect.com/content/maney/hem,Ingenta Connect ,administrative,,Highwire,administrative,
Hispanic Research Journal,1468-2737,1745-820X,2000,1,1,,,,hrj,,Full Text,,Maney Publishing,,Ingenta Connect,host,http://www.ingentaconnect.com/content/maney/hrj,Ingenta Connect ,administrative,,Highwire,administrative,
"Imaging Science Journal, The",1368-2199,1743-131X,2004,52,1,,,,isj,,Full Text,,Maney Publishing,,Ingenta Connect,host,http://www.ingentaconnect.com/content/maney/isj,Ingenta Connect ,administrative,,Highwire,administrative,
Industrial Archaeology Review,0309-0728,1745-8196,1976,1,1,,,,iar,,Full Text,,Maney Publishing,,Ingenta Connect,host,http://www.ingentaconnect.com/content/maney/iar,Ingenta Connect ,administrative,,Highwire,administrative,
Interdisciplinary Science Reviews,0308-0188,1743-2790,1976,1,1,,,,isr,,Full Text,,Maney Publishing,,Ingenta Connect,host,http://www.ingentaconnect.com/content/maney/isr,Ingenta Connect ,administrative,,Highwire,administrative,
International Journal of Cast Metals Research,1364-0461,1743-1336,2004,17,1,,,,ijcmr,,Full Text,,Maney Publishing,,Ingenta Connect,host,http://www.ingentaconnect.com/content/maney/ijcmr,Ingenta Connect ,administrative,,Highwire,administrative,
International Journal of Developmental Disabilities,2047-3869,2047-3877,1992,,,,,,,,Full Text,,Maney Publishing,,Ingenta Connect,host,,Ingenta Connect ,administrative,,Highwire,administrative,
International Journal of Healthcare Management ,2047-9700,2047-9719,2012,5,1,,,,ihm,,Full Text,,Maney Publishing,,Ingenta Connect,host,http://www.ingentaconnect.com/content/maney/ihm,Ingenta Connect ,administrative,,Highwire,administrative,
International Materials Reviews,0950-6608,1743-2804,1956,32,1,,,,imr,,Full Text,,Maney Publishing,,Ingenta Connect,host,http://www.ingentaconnect.com/content/maney/imr,Ingenta Connect ,administrative,,Highwire,administrative,
International Metallurgical Reviews,0367-9020,,1972,17,1,1975,20,,imtlr,,Full Text,,Maney Publishing,,Ingenta Connect,host,http://www.ingentaconnect.com/content/maney/imtlr,Ingenta Connect ,administrative,,Highwire,administrative,
International Metals Reviews,0308-4590,,1976,21,,1986,31,,imtr,,Full Text,,Maney Publishing,,Ingenta Connect,host,http://www.ingentaconnect.com/content/maney/imtr,Ingenta Connect ,administrative,,Highwire,administrative,
International Musculoskeletal Medicine,1753-6146,1753-6154,2008,30,1,,,,imm,,Full Text,,Maney Publishing,,Ingenta Connect,host,http://www.ingentaconnect.com/content/maney/imm,Ingenta Connect ,administrative,,Highwire,administrative,
International Wood Products Journal ,2042-6445,2042-6453,2005,1,1,,,,iwp,,Full Text,,Maney Publishing,,Ingenta Connect,host,http://www.ingentaconnect.com/content/maney/iwp,Ingenta Connect ,administrative,,Highwire,administrative,
"Ironmaking & Steelmaking: Processes, Products and Applications",0301-9233,1743-2812,1999,26,1,,,,ias,,Full Text,,Maney Publishing,,Ingenta Connect,host,http://www.ingentaconnect.com/content/maney/ias,Ingenta Connect ,administrative,,Highwire,administrative,
Italian Culture,0161-4622,1559-0909,2009,27,1,,,,itc,,Full Text,,Maney Publishing,,Ingenta Connect,host,http://www.ingentaconnect.com/content/maney/itc,Ingenta Connect ,administrative,,Highwire,administrative,
Italian Studies,0075-1634,1748-6181,1937,1,1,,,,its,,Full Text,,Maney Publishing,,Ingenta Connect,host,http://www.ingentaconnect.com/content/maney/its,Ingenta Connect ,administrative,,Highwire,administrative,
Journal of Bryology,0373-6687,1743-2820,2002,24,1,,,,jbr,,Full Text,,Maney Publishing,,Ingenta Connect,host,http://www.ingentaconnect.com/content/maney/jbr,Ingenta Connect ,administrative,,Highwire,administrative,
Journal of Care Services Management,1750-1679,1750-1687,2006,1,1,,,,csm,,Full Text,,Maney Publishing,,Ingenta Connect,host,http://www.ingentaconnect.com/content/maney/csm,Ingenta Connect ,administrative,,Highwire,administrative,
Journal of Communication in Healthcare,1753-8068,1753-8076,2008,1,1,,,,cih,,Full Text,,Maney Publishing,,Ingenta Connect,host,http://www.ingentaconnect.com/content/maney/cih,Ingenta Connect ,administrative,,Highwire,administrative,
Journal of Conflict Archaeology,1574-0773,1574-0781,2005,1,1,,,,jca,,Full Text,,Maney Publishing,,Ingenta Connect,host,http://www.ingentaconnect.com/content/maney/jca,Ingenta Connect ,administrative,,Highwire,administrative,
Journal of Field Archaeology,0093-4690,2042-4582,1974,1,1,,,,jfa,,Full Text,,Maney Publishing,,Ingenta Connect,host,http://www.ingentaconnect.com/content/maney/jfa,Ingenta Connect ,administrative,,Highwire,administrative,
Journal of Histotechnology,0147-8885,2046-0236,1977,1,1,,,,his,,Full Text,,Maney Publishing,,Ingenta Connect,host,http://www.ingentaconnect.com/content/maney/his,Ingenta Connect ,administrative,,Highwire,administrative,
Journal of Management & marketing in Helathcare,2047-9700,2047-9719,2007,1,1,2011,4,4,mmh,,Full Text,,Maney Publishing,,Ingenta Connect,host,http://www.ingentaconnect.com/content/maney/mmh,Ingenta Connect ,administrative,,Highwire,administrative,
Journal of Manual & Manipulative Therapy,1066-9817,2042-6186,1993,1,1,,,,jmt,,Full Text,,Maney Publishing,,Ingenta Connect,host,http://www.ingentaconnect.com/content/maney/jmt,Ingenta Connect ,administrative,,Highwire,administrative,
Journal of Orthodontics,1465-3125,1465-3133,1973,1,1,,,,jorthod,,Full Text,,Maney Publishing,,Ingenta Connect,host,http://jorthod.maneyjournals.org/,Ingenta Connect ,administrative,,Highwire,administrative,
Journal of Spinal Cord Medicine,1079-0268,2045-7723,2011,34,1,,,,scm,,Full Text,,Maney Publishing,,Ingenta Connect,host,http://www.ingentaconnect.com/content/maney/scm,Ingenta Connect ,administrative,,Highwire,administrative,
Journal of the British Archaeological Association,0068-1288,1747-6704,1980,133,1,,,,jba,,Full Text,,Maney Publishing,,Ingenta Connect,host,http://www.ingentaconnect.com/content/maney/jba,Ingenta Connect ,administrative,,Highwire,administrative,
Journal of the Energy Institute,1743-9671,1746-0220,2005,78,1,,,,eni,,Full Text,,Maney Publishing,,Ingenta Connect,host,http://www.ingentaconnect.com/content/maney/eni,Ingenta Connect ,administrative,,Highwire,administrative,
Labour History review,0961-5652,1745-8188,2005,70,1,2011,76,3,lhr,,Full Text,,Maney Publishing,,Ingenta Connect,host,http://www.ingentaconnect.com/content/maney/lhr,Ingenta Connect ,administrative,,Highwire,administrative,
Language & History,1759-7536,1759-7544,2009,52,1,,,,lhi,,Full Text,,Maney Publishing,,Ingenta Connect,host,http://www.ingentaconnect.com/content/maney/lhi,Ingenta Connect ,administrative,,Highwire,administrative,
Levant ,0075-8914,1756-3801,1969,1,1,,,,lev,,Full Text,,Maney Publishing,,Ingenta Connect,host,http://www.ingentaconnect.com/content/maney/lev,Ingenta Connect ,administrative,,Highwire,administrative,
Library & Information History ,1758-3489,1758-3497,2005,25,1,,,,lih,,Full Text,,Maney Publishing,,Ingenta Connect,host,http://www.ingentaconnect.com/content/maney/lih,Ingenta Connect ,administrative,,Highwire,administrative,
Library History,,0024-2306 ,2005,21,1,2008,24,4,lbh,,Full Text,,Maney Publishing,,Ingenta Connect,host,http://www.ingentaconnect.com/content/maney/lbh,Ingenta Connect ,administrative,,Highwire,administrative,
Materials Research Innovations,,1433-075X,2006,10,1,,,,mri,,Full Text,,Maney Publishing,,Ingenta Connect,host,http://www.ingentaconnect.com/content/maney/mri,Ingenta Connect ,administrative,,Highwire,administrative,
Materials Science and Technology,0267-0836,1743-2847,1967,1,1,,,,mst,,Full Text,,Maney Publishing,,Ingenta Connect,host,http://www.ingentaconnect.com/content/maney/mst,Ingenta Connect ,administrative,,Highwire,administrative,
Materials Technology: Advanced Performance Materials,1066-7857,1753-5557,2006,21,1,,,,mte,,Full Text,,Maney Publishing,,Ingenta Connect,host,http://www.ingentaconnect.com/content/maney/mte,Ingenta Connect ,administrative,,Highwire,administrative,
Medical Writing,2047-4806,2047-4814,2012,21,1,,,,mew,,Full Text,,Maney Publishing,,Ingenta Connect,host,http://www.ingentaconnect.com/content/maney/mew,Ingenta Connect ,administrative,,Highwire,administrative,
Medieval Archaeology,0076-6097,1745-817X,2007,44,1,,,,med,,Full Text,,Maney Publishing,,Ingenta Connect,host,http://www.ingentaconnect.com/content/maney/med,Ingenta Connect ,administrative,,Highwire,administrative,
Medieval Sermon Studies,1366-0691,1749-6276,2006,50,,,,,mss,,Full Text,,Maney Publishing,,Ingenta Connect,host,http://www.ingentaconnect.com/content/maney/mss,Ingenta Connect ,administrative,,Highwire,administrative,
Metal Science,0306-3453,,1967,1,1,1984,18,12,msc,,Full Text,,Maney Publishing,,Ingenta Connect,host,http://www.ingentaconnect.com/content/maney/msc,Ingenta Connect ,administrative,,Highwire,administrative,
Metallurgical Review,0076-6690,,1956,1,,1971,16,,mtlr,,Full Text,,Maney Publishing,,Ingenta Connect,host,http://www.ingentaconnect.com/content/maney/mtlr,Ingenta Connect ,administrative,,Highwire,administrative,
Midland History,0047-729X,1756-381X,1971,1,1,,,,mdh,,Full Text,,Maney Publishing,,Ingenta Connect,host,http://www.ingentaconnect.com/content/maney/mdh,Ingenta Connect ,administrative,,Highwire,administrative,
Mineral Processing and Extractive Metallurgy (Transactions of the Institutions of Mining and Metallurgy: Section C),0371-9553,1743-2855,2000,109,1,,,,mpem,,Full Text,,Maney Publishing,,Ingenta Connect,host,http://www.ingentaconnect.com/content/maney/mpem,Ingenta Connect ,administrative,,Highwire,administrative,
Ming Studies,0147-037X,1759-7595,1975,1,Fall,,,,mng,,Full Text,,Maney Publishing,,Ingenta Connect,host,http://www.ingentaconnect.com/content/maney/mng,Ingenta Connect ,administrative,,Highwire,administrative,
Mining Technology (Transactions of the Institutions of Mining and Metallurgy: Section A),1474-9009,1743-2863,2000,109,1,,,,mint,,Full Text,,Maney Publishing,,Ingenta Connect,host,http://www.ingentaconnect.com/content/maney/mint,Ingenta Connect ,administrative,,Highwire,administrative,
Names:  A Journal of Onomastics,0027-7738,1756-2279,2008,56,1,,,,nam,,Full Text,,Maney Publishing,,Ingenta Connect,host,http://www.ingentaconnect.com/content/maney/nam,Ingenta Connect ,administrative,,Highwire,administrative,
Neurological Research,0161-6412,1743-1328,2001,23,1,,,,nres,,Full Text,,Maney Publishing,,Ingenta Connect,host,http://www.ingentaconnect.com/content/maney/nres,Ingenta Connect ,administrative,,Highwire,administrative,
New Journal of Botany: Journal of the Botanical Society of the British Isles ,2042-3489,2042-3497,2011,1,2,,,,njb,,Full Text,,Maney Publishing,,Ingenta Connect,host,http://www.ingentaconnect.com/content/maney/njb,Ingenta Connect ,administrative,,Highwire,administrative,
Northern History,0078-172X,1745-8706,1966,1,,,,,nhi,,Full Text,,Maney Publishing,,Ingenta Connect,host,http://www.ingentaconnect.com/content/maney/nhi,Ingenta Connect ,administrative,,Highwire,administrative,
Nutritional Neuroscience ,,1476-8305,2002,5,3,,,,nns,,Full Text,,Maney Publishing,,Ingenta Connect,host,http://www.ingentaconnect.com/content/maney/nns,Ingenta Connect ,administrative,,Highwire,administrative,
Oxford German Studies,0078-7191,1745-9214,1966,1,,,,,ogs,,Full Text,,Maney Publishing,,Ingenta Connect,host,http://www.ingentaconnect.com/content/maney/ogs,Ingenta Connect ,administrative,,Highwire,administrative,
"Packaging, Transport, Storage & Security of Radioactive Material",1746-5095,1746-5109,1990,15,1,,,,ptssrm,,Full Text,,Maney Publishing,,Ingenta Connect,host,http://www.ingentaconnect.com/content/maney/ptssrm,Ingenta Connect ,administrative,,Highwire,administrative,
Paediatrics and International Child Health ,2046-9047,2046-9055,2012,32,1,,,,pch,,Full Text,,Maney Publishing,,Ingenta Connect,host,http://www.ingentaconnect.com/content/maney/pch,Ingenta Connect ,administrative,,Highwire,administrative,
Pain Clinic,0169-1112,1568-5691,2000,12,1,2007,19,6,tpc,,Full Text,,Maney Publishing,,Ingenta Connect,host,http://www.ingentaconnect.com/content/maney/tpc,Ingenta Connect ,administrative,,Highwire,administrative,
Palestine Exploration Quarterly,0031-0328,1743-1301,2004,136,1,,,,peq,,Full Text,,Maney Publishing,,Ingenta Connect,host,http://www.ingentaconnect.com/content/maney/peq,Ingenta Connect ,administrative,,Highwire,administrative,
Pathogens and Global Health ,2047-7724,2047-7732,2002,106,1,,,,pgh,,Full Text,,Maney Publishing,,Ingenta Connect,host,http://www.ingentaconnect.com/content/maney/pgh,Ingenta Connect ,administrative,,Highwire,administrative,
Pharmaceutical Programming,1757-0921,1757-093X,2008,1,1,,,,pha,,Full Text,,Maney Publishing,,Ingenta Connect,host,http://www.ingentaconnect.com/content/maney/pha,Ingenta Connect ,administrative,,Highwire,administrative,
Physical Therapy Reviews,1083-3196,1743-288X,1996,1,1,,,,ptr,,Full Text,,Maney Publishing,,Ingenta Connect,host,http://www.ingentaconnect.com/content/maney/ptr,Ingenta Connect ,administrative,,Highwire,administrative,
"Plastics, Rubber and Composites:  Macromolecular Engineering",1465-8011,1743-2898,1999,28,1,,,,prc,,Full Text,,Maney Publishing,,Ingenta Connect,host,http://www.ingentaconnect.com/content/maney/prc,Ingenta Connect ,administrative,,Highwire,administrative,
Post-Medieval Archaeology,0079-4236,1745-8137,2005,39,1,,,,pma,,Full Text,,Maney Publishing,,Ingenta Connect,host,http://www.ingentaconnect.com/content/maney/pma,Ingenta Connect ,administrative,,Highwire,administrative,
Powder Metallurgy,0032-5899,1743-2901,1976,,1,,,,pm,,Full Text,,Maney Publishing,,Ingenta Connect,host,http://www.ingentaconnect.com/content/maney/pm,Ingenta Connect ,administrative,,Highwire,administrative,
Progress in Palliative Care,0969-9260,1743-291X,2003,11,1,,,,ppc,,Full Text,,Maney Publishing,,Ingenta Connect,host,http://www.ingentaconnect.com/content/maney/ppc,Ingenta Connect ,administrative,,Highwire,administrative,
Public Archaeology,1465-5187,1753-5530,2000,,1,,,,pua,,Full Text,,Maney Publishing,,Ingenta Connect,host,http://www.ingentaconnect.com/content/maney/pua,Ingenta Connect ,administrative,,Highwire,administrative,
Publications of the English Goethe Society,0959-3683,1749-6284,2006,75,1,,,,peg,,Full Text,,Maney Publishing,,Ingenta Connect,host,http://www.ingentaconnect.com/content/maney/peg,Ingenta Connect ,administrative,,Highwire,administrative,
Redox Report ,,1743-2928,1999,4,1,,,,rer,,Full Text,,Maney Publishing,,Ingenta Connect,host,http://www.ingentaconnect.com/content/maney/rer,Ingenta Connect ,administrative,,Highwire,administrative,
Romance Studies,0263-9904,1745-8153,1982,1,1,,,,ros,,Full Text,,Maney Publishing,,Ingenta Connect,host,http://www.ingentaconnect.com/content/maney/ros,Ingenta Connect ,administrative,,Highwire,administrative,
Science and Technology of Welding and Joining ,,1743-2936,1996,1,1,,,,stwj,,Full Text,,Maney Publishing,,Ingenta Connect,host,http://www.ingentaconnect.com/content/maney/stwj,Ingenta Connect ,administrative,,Highwire,administrative,
Seventeenth-Century French Studies,0265-1068,1752-2692,1979,1,,,,,c17,,Full Text,,Maney Publishing,,Ingenta Connect,host,http://www.ingentaconnect.com/content/maney/c17,Ingenta Connect ,administrative,,Highwire,administrative,
Slavonica ,1361-7427,1745-8145,1994,1,,,,,sla,,Full Text,,Maney Publishing,,Ingenta Connect,host,http://www.ingentaconnect.com/content/maney/sla,Ingenta Connect ,administrative,,Highwire,administrative,
Studies in Conservation,0039-3630,2047-0584,2000,56,3,,,,sic,,Full Text,,Maney Publishing,,Ingenta Connect,host,http://www.ingentaconnect.com/content/maney/sic,Ingenta Connect ,administrative,,Highwire,administrative,
Surface Engineering,0267-0844,1743-2944,1985,15,1,,,,se,,Full Text,,Maney Publishing,,Ingenta Connect,host,http://www.ingentaconnect.com/content/maney/se,Ingenta Connect ,administrative,,Highwire,administrative,
Survey Review,0039-6265,1752-2706,1931,1,1,,,,sre,,Full Text,,Maney Publishing,,Ingenta Connect,host,http://www.ingentaconnect.com/content/maney/sre,Ingenta Connect ,administrative,,Highwire,administrative,
T'ang Studies,0737-5034,1759-7633,1982,1982,1,,,,tang,,Full Text,,Maney Publishing,,Ingenta Connect,host,http://www.ingentaconnect.com/content/maney/tang,Ingenta Connect ,administrative,,Highwire,administrative,
Tel Aviv:  Journal of the Institute of Archaeology of Tel Aviv University,0334-4355,2040-4786,1974,1,1,,,,tav,,Full Text,,Maney Publishing,,Ingenta Connect,host,http://www.ingentaconnect.com/content/maney/tav,Ingenta Connect ,administrative,,Highwire,administrative,
Terrae Incognitae,0082-2884,2040-8706,1969,1,1,,,,tin,,Full Text,,Maney Publishing,,Ingenta Connect,host,http://www.ingentaconnect.com/content/maney/tin,Ingenta Connect ,administrative,,Highwire,administrative,
Textile History,0040-4969,1743-2952,1968,,1,,,,tex,,Full Text,,Maney Publishing,,Ingenta Connect,host,http://www.ingentaconnect.com/content/maney/tex,Ingenta Connect ,administrative,,Highwire,administrative,
The Cartographic Journal,0008-7041,1743-2774,1964,1,1,,,,caj,,Full Text,,Maney Publishing,,Ingenta Connect,host,http://www.ingentaconnect.com/content/maney/caj,Ingenta Connect ,administrative,,Highwire,administrative,
The Chinese Historical Review,1547-402X,2048-7827,2012,14,1,,,,,,Full Text,,Maney Publishing,,Ingenta Connect,host,http://www.ingentaconnect.com/content/maney/tcr,Ingenta Connect ,administrative,,Highwire,administrative,
The Historic Environment: Policy & Practice,1756-7505,1756-7513,2010,1,1,,,,hen,,Full Text,,Maney Publishing,,Ingenta Connect,host,http://www.ingentaconnect.com/content/maney/hen,Ingenta Connect ,administrative,,Highwire,administrative,
The International Journal for the History of Engineering & Technology ,1758-1206,1758-1214,2006,79,1,,,,het,,Full Text,,Maney Publishing,,Ingenta Connect,host,http://www.ingentaconnect.com/content/maney/het,Ingenta Connect ,administrative,,Highwire,administrative,
The Italianist,0261-4340,1748-619X,1981,1,1,,,,ita,,Full Text,,Maney Publishing,,Ingenta Connect,host,http://www.ingentaconnect.com/content/maney/ita,Ingenta Connect ,administrative,,Highwire,administrative,
The Journal of the Institute of Wood Science,0020-3203,2041-9430,2005,17,1,2009,19,2,wsc,,Full Text,,Maney Publishing,,Ingenta Connect,host,http://www.ingentaconnect.com/content/maney/wsc,Ingenta Connect ,administrative,,Highwire,administrative,
The Keats-Shelley Review,0952-4142,2042-1362,1987,24,1,,,,ksr,,Full Text,,Maney Publishing,,Ingenta Connect,host,http://www.ingentaconnect.com/content/maney/ksr,Ingenta Connect ,administrative,,Highwire,administrative,
The London Journal:  A Review of Metropolitan Society Past and Present,0305-8034,1749-6322,1975,1,1,,,,ldn,,Full Text,,Maney Publishing,,Ingenta Connect,host,http://www.ingentaconnect.com/content/maney/ldn,Ingenta Connect ,administrative,,Highwire,administrative,
Transactions of the Institute of Metal Finishing,0020-2967,1745-9192,2005,83,1,,,,imf,,Full Text,,Maney Publishing,,Ingenta Connect,host,http://www.ingentaconnect.com/content/maney/imf,Ingenta Connect ,administrative,,Highwire,administrative,
Transactions of the Newcomen Society,0372-0187 ,,2006,76,1,2008,78,2,tns,,Full Text,,Maney Publishing,,Ingenta Connect,host,http://www.ingentaconnect.com/content/maney/tns,Ingenta Connect ,administrative,,Highwire,administrative,
"Tribology - Materials, Surfaces & Interfaces",1751-5831,1751-584X,2007,1,1,,,,trb,,Full Text,,Maney Publishing,,Ingenta Connect,host,http://www.ingentaconnect.com/content/maney/trb,Ingenta Connect ,administrative,,Highwire,administrative,
Twentieth-Century China,1521-5385,1940-5065,1994,,1,,,,tcc,,Full Text,,Maney Publishing,,Ingenta Connect,host,http://www.ingentaconnect.com/content/maney/tcc,Ingenta Connect ,administrative,,Highwire,administrative,
Ultrasound,,,2004,12,1,2009,17,4,ultra,,Full Text,,Maney Publishing,,Ingenta Connect,host,http://www.ingentaconnect.com/content/maney/ultra,Ingenta Connect ,administrative,,Highwire,administrative,
Usus Antiquior,1757-8949,2041-0999,2010,1,1,,,,usu,,Full Text,,Maney Publishing,,Ingenta Connect,host,http://www.ingentaconnect.com/content/maney/usu,Ingenta Connect ,administrative,,Highwire,administrative,
Vernacular Architecture,0305-5477,1749-6292,1970,1,,,,,vea,,Full Text,,Maney Publishing,,Ingenta Connect,host,http://www.ingentaconnect.com/content/maney/vea,Ingenta Connect ,administrative,,Highwire,administrative,
War & Society,0729-2473,2042-4345,1983,1,1,,,,war,,Full Text,,Maney Publishing,,Ingenta Connect,host,http://www.ingentaconnect.com/content/maney/war,Ingenta Connect ,administrative,,Highwire,administrative,
Watsonia: Journal of the Botanical Society of the British Isles,2042-3489 ,2042-3497 ,2012,,,,,,,,,,,,Ingenta Connect,host,n/a,Ingenta Connect ,administrative,,Highwire,administrative,
Yorkshire Archaelogical Journal,0084-4276,2045-0664,2010,82,,,,,yaj,,Full Text,,Maney Publishing,,Ingenta Connect,host,http://www.ingentaconnect.com/content/maney/yaj,Ingenta Connect ,administrative,,Highwire,administrative,
Journal of Management & Marketing in Healthcare,2047-9700,2047-9719,2007,1,1,2011,4,4,mmh,,Full Text,,Maney Publishing,,Ingenta Connect,host,http://www.ingentaconnect.com/content/maney/mmh,Ingenta Connect ,administrative,,Highwire,administrative,
International Journal of Occupational & Environmental Health,1077-3525,2049-3967,2011,17,1,,,,oeh,,Full Text,,Maney Publishing,,Ingenta Connect,host,http://www.ingentaconnect.com/content/maney/oeh,Ingenta Connect ,administrative,,Highwire,administrative,
British Journal of Developmental Disabilities,0969-7950,,1998,44,86,2011,57,113,bjdd,,Full Text,,Maney Publishing,,Ingenta Connect,host,http://www.ingentaconnect.com/content/maney/bjdd,Ingenta Connect ,administrative,,Highwire,administrative,
