SO Name,NESLI2 OUP Journals Collections 2012-2013,,,,,,,,,,,,,,,,,,,,,,
SO Identifier,oup_collection_2012_2013_nesli2,,,,,,,,,,,,,,,,,,,,,,
Provider,OUP,,,,,,,,,,,,,,,,,,,,,,
Package Identifier,Full Oxford Journals Collection ,,,,,,,,,,,,,,,,,,,,,,
Package Name,Full Oxford Journals Collection ,,,,,,,,,,,,,,,,,,,,,,
Agreement Term Start Year,2012,,,,,,,,,,,,,,,,,,,,,,
Agreement Term End Year,2013,,,,,,,,,,,,,,,,,,,,,,
Consortium,NESLI2,,,,,,,,,,,,,,,,,,,,,,
Number of Proprietary_ID columns,0,,,,,,,,,,,,,,,,,,,,,,
Number of Platforms listed,3,,,,,,,,,,,,,,,,,,,,,,
publication_title,print_identifier,online_identifier,date_first_issue_online,num_first_vol_online,num_first_issue_online,date_last_issue_online,num_last_vol_online,num_last_issue_online,title_id,embargo_info,coverage_depth,coverage_notes,publisher_name,DOI,platform_name,platform_role,platform_title_url,platform_name,platform_role,platform_title_url,platform_name,platform_role,platform_title_url
Acta Biochimica et Biophysica Sinica,1672-9145 ,1745-7270 ,01/01/2004,,,,,,abbs,,full text,,Oxford University Press ,,Oxford Journals,host,http://abbs.oxfordjournals.org ,Highwire,administrative,,Oxford Journals,administrative,
Adaptation,1755-0637 ,1755-0645 ,01/03/2008,,,,,,adaptation,,full text,,Oxford University Press ,,Oxford Journals,host,http://adaptation.oxfordjournals.org ,Highwire,administrative,,Oxford Journals,administrative,
African Affairs,0001-9909 ,1468-2621 ,01/10/1901,,,,,,afraf,,full text,,Oxford University Press ,,Oxford Journals,host,http://afraf.oxfordjournals.org ,Highwire,administrative,,Oxford Journals,administrative,
Age and Ageing,0002-0729 ,1468-2834 ,01/02/1972,,,,,,ageing,,full text,"free back issues after 12 months back to Jan 01, 1996",Oxford University Press ,,Oxford Journals,host,http://ageing.oxfordjournals.org ,Highwire,administrative,,Oxford Journals,administrative,
Alcohol and Alcoholism,0735-0414 ,1464-3502 ,01/06/1963,,,,,,alcalc,,full text,"free back issues after 12 months back to Jan 01, 1996",Oxford University Press ,,Oxford Journals,host,http://alcalc.oxfordjournals.org ,Highwire,administrative,,Oxford Journals,administrative,
American Journal of Agricultural Economics,0002-9092 ,1467-8276 ,01/06/1919,,,,,,ajae,,full text,,Oxford University Press ,,Oxford Journals,host,http://ajae.oxfordjournals.org ,Highwire,administrative,,Oxford Journals,administrative,
American Journal of Epidemiology,0002-9262 ,1476-6256 ,01/01/1921,,,,,,aje,,full text,"free back issues after 12 months back to Jan 01, 1996",Oxford University Press ,,Oxford Journals,host,http://aje.oxfordjournals.org ,Highwire,administrative,,Oxford Journals,administrative,
American Law and Economics Review,1465-7252 ,1465-7260 ,01/01/1999,,,,,,aler,,full text,,Oxford University Press ,,Oxford Journals,host,http://aler.oxfordjournals.org ,Highwire,administrative,,Oxford Journals,administrative,
American Literary History,0896-7148 ,1468-4365 ,01/01/1989,,,,,,alh,,full text,,Oxford University Press ,,Oxford Journals,host,http://alh.oxfordjournals.org ,Highwire,administrative,,Oxford Journals,administrative,
Analysis,0003-2638 ,1467-8284 ,01/11/1933,,,,,,analysis,,full text,,Oxford University Press ,,Oxford Journals,host,http://analysis.oxfordjournals.org ,Highwire,administrative,,Oxford Journals,administrative,
Annals of Botany,0305-7364 ,1095-8290 ,01/08/1887,,,,,,aob,,full text,"free back issues after 12 months back to Jan 01, 1993",Oxford University Press ,,Oxford Journals,host,http://aob.oxfordjournals.org ,Highwire,administrative,,Oxford Journals,administrative,
Annals of Oncology,0923-7534 ,1569-8041 ,01/01/1990,,,,,,annonc,,full text,"free back issues after 12 months back to Jan 01, 1996",Oxford University Press ,,Oxford Journals,host,http://annonc.oxfordjournals.org ,Highwire,administrative,,Oxford Journals,administrative,
Applied Economic Perspectives and Policy,2040-5790 ,2040-5804 ,01/01/1988,,,,,,aepp,,full text,,Oxford University Press ,,Oxford Journals,host,http://aepp.oxfordjournals.org ,Highwire,administrative,,Oxford Journals,administrative,
Applied Linguistics,0142-6001 ,1477-450X ,01/01/1980,,,,,,applij,,full text,,Oxford University Press ,,Oxford Journals,host,http://applij.oxfordjournals.org ,Highwire,administrative,,Oxford Journals,administrative,
Applied Mathematics Research eXpress,1687-1200 ,1687-1197 ,01/01/2003,,,,,,amrx,,full text,,Oxford University Press ,,Oxford Journals,host,http://amrx.oxfordjournals.org ,Highwire,administrative,,Oxford Journals,administrative,
Arbitration Law Reports and Review,2044-8651 ,2044-9887 ,01/01/2001,,,,,,alrr,,full text,,Oxford University Press ,,Oxford Journals,host,http://alrr.oxfordjournals.org ,Highwire,administrative,,Oxford Journals,administrative,
Archives of Clinical Neuropsychology,0887-6177 ,1873-5843 ,01/01/1986,,,,,,acn,,full text,,Oxford University Press ,,Oxford Journals,host,http://acn.oxfordjournals.org ,Highwire,administrative,,Oxford Journals,administrative,
Behavioral Ecology,1045-2249 ,1465-7279 ,01/01/1990,,,,,,beheco,,full text,"free back issues after 12 months back to Jan 01, 1996",Oxford University Press ,,Oxford Journals,host,http://beheco.oxfordjournals.org ,Highwire,administrative,,Oxford Journals,administrative,
Bioinformatics,1367-4803 ,1460-2059 ,01/01/1985,,,,,,bioinformatics,,full text,"free back issues after 12 months back to Jan 01, 1996",Oxford University Press ,,Oxford Journals,host,http://bioinformatics.oxfordjournals.org ,Highwire,administrative,,Oxford Journals,administrative,
Biometrika,0006-3444 ,1464-3510 ,01/10/1901,,,,,,biomet,,full text,,Oxford University Press ,,Oxford Journals,host,http://biomet.oxfordjournals.org ,Highwire,administrative,,Oxford Journals,administrative,
Biostatistics,1465-4644 ,1468-4357 ,01/03/2000,,,,,,biostatistics,,full text,free back issues after 24 months ,Oxford University Press ,,Oxford Journals,host,http://biostatistics.oxfordjournals.org ,Highwire,administrative,,Oxford Journals,administrative,
BJA: British Journal of Anaesthesia,0007-0912 ,1471-6771 ,01/07/1923,,,,,,bja,,full text,"free back issues after 12 months back to Jan 01, 1995",Oxford University Press ,,Oxford Journals,host,http://bja.oxfordjournals.org ,Highwire,administrative,,Oxford Journals,administrative,
Brain,0006-8950 ,1460-2156 ,01/04/1878,,,,,,brain,,full text,"free back issues after 12 months back to Jan 01, 1996",Oxford University Press ,,Oxford Journals,host,http://brain.oxfordjournals.org ,Highwire,administrative,,Oxford Journals,administrative,
Briefings in Bioinformatics,1467-5463 ,1477-4054 ,01/01/2000,,,,,,bib,,full text,free back issues after 24 months ,Oxford University Press ,,Oxford Journals,host,http://bib.oxfordjournals.org ,Highwire,administrative,,Oxford Journals,administrative,
Briefings in Functional Genomics,2041-2649 ,2041-2657 ,01/01/2002,,,,,,bfg,,full text,free back issues after 24 months ,Oxford University Press ,,Oxford Journals,host,http://bfg.oxfordjournals.org ,Highwire,administrative,,Oxford Journals,administrative,
British Medical Bulletin,0007-1420 ,1471-8391 ,01/03/1943,,,,,,bmb,,full text,"free back issues after 12 months back to Jan 01, 1996",Oxford University Press ,,Oxford Journals,host,http://bmb.oxfordjournals.org ,Highwire,administrative,,Oxford Journals,administrative,
Bulletin of the London Mathematical Society,0024-6093 ,1469-2120 ,01/03/1969,,,,,,blms,,full text,,Oxford University Press ,,Oxford Journals,host,http://blms.oxfordjournals.org ,Highwire,administrative,,Oxford Journals,administrative,
Cambridge Journal of Economics,0309-166X ,1464-3545 ,01/03/1977,,,,,,cje,,full text,,Oxford University Press ,,Oxford Journals,host,http://cje.oxfordjournals.org ,Highwire,administrative,,Oxford Journals,administrative,
"Cambridge Journal of Regions, Economy and Society",1752-1378 ,1752-1386 ,01/04/2008,,,,,,cjres,,full text,,Oxford University Press ,,Oxford Journals,host,http://cjres.oxfordjournals.org ,Highwire,administrative,,Oxford Journals,administrative,
Capital Markets Law Journal,1750-7219 ,1750-7227 ,01/07/2006,,,,,,cmlj,,full text,,Oxford University Press ,,Oxford Journals,host,http://cmlj.oxfordjournals.org ,Highwire,administrative,,Oxford Journals,administrative,
Carcinogenesis,0143-3334 ,1460-2180 ,01/01/1980,,,,,,carcin,,full text,"free back issues after 12 months back to Jan 01, 1996",Oxford University Press ,,Oxford Journals,host,http://carcin.oxfordjournals.org ,Highwire,administrative,,Oxford Journals,administrative,
Cardiovascular Research,0008-6363 ,Unknown,01/01/1967,,,,,,cardiovascres,,full text,"free back issues after 12 months back to Jan 01, 1996",Oxford University Press ,,Oxford Journals,host,http://cardiovascres.oxfordjournals.org ,Highwire,administrative,,Oxford Journals,administrative,
Cerebral Cortex,1047-3211 ,1460-2199 ,01/01/1991,,,,,,cercor,,full text,"free back issues after 12 months back to Jan 01, 1996",Oxford University Press ,,Oxford Journals,host,http://cercor.oxfordjournals.org ,Highwire,administrative,,Oxford Journals,administrative,
CESifo Economic Studies,1610-241X ,1612-7501 ,01/01/2003,,,,,,cesifo,,full text,,Oxford University Press ,,Oxford Journals,host,http://cesifo.oxfordjournals.org ,Highwire,administrative,,Oxford Journals,administrative,
Chemical Senses,0379-864X ,1464-3553 ,01/01/1974,,,,,,chemse,,full text,"free back issues after 12 months back to Jan 01, 1996",Oxford University Press ,,Oxford Journals,host,http://chemse.oxfordjournals.org ,Highwire,administrative,,Oxford Journals,administrative,
Children & Schools,1532-8759,1545-682X  ,01/01/1997,,,,,,cs,,full text,,Oxford University Press ,,Oxford Journals,host,http://cs.oxfordjournals.org/,Highwire,administrative,,Oxford Journals,administrative,
Chinese Journal of International Law,1540-1650 ,1746-9937 ,01/01/2002,,,,,,chinesejil,,full text,,Oxford University Press ,,Oxford Journals,host,http://chinesejil.oxfordjournals.org ,Highwire,administrative,,Oxford Journals,administrative,
Christian Bioethics,1380-3603 ,1744-4195 ,01/03/1995,,,,,,cb,,full text,,Oxford University Press ,,Oxford Journals,host,http://cb.oxfordjournals.org ,Highwire,administrative,,Oxford Journals,administrative,
Classical Receptions Journal,1759-5134 ,1759-5142 ,01/01/2009,,,,,,crj,,full text,,Oxford University Press ,,Oxford Journals,host,http://crj.oxfordjournals.org ,Highwire,administrative,,Oxford Journals,administrative,
Clinical Infectious Diseases,1058-4838 ,1537-6591 ,15/02/2011,,,,,,cid,,full text,"free back issues after 12 months back to Jan 01, 1996",Oxford University Press ,,Oxford Journals,host,http://cid.oxfordjournals.org ,Highwire,administrative,,Oxford Journals,administrative,
Community Development Journal,0010-3802 ,1468-2656 ,01/01/1966,,,,,,cdj,,full text,,Oxford University Press ,,Oxford Journals,host,http://cdj.oxfordjournals.org ,Highwire,administrative,,Oxford Journals,administrative,
Contemporary Women's Writing,1754-1484 ,1754-1476 ,01/12/2007,,,,,,cww,,full text,,Oxford University Press ,,Oxford Journals,host,http://cww.oxfordjournals.org ,Highwire,administrative,,Oxford Journals,administrative,
"Continuing Education in Anaesthesia, Critical Care & Pain",1743-1816 ,1743-1824 ,01/02/2001,,,,,,ceaccp,,full text,free back issues after 12 months ,Oxford University Press ,,Oxford Journals,host,http://ceaccp.oxfordjournals.org ,Highwire,administrative,,Oxford Journals,administrative,
Contributions to Political Economy,0277-5921 ,1464-3588 ,01/03/1982,,,,,,cpe,,full text,,Oxford University Press ,,Oxford Journals,host,http://cpe.oxfordjournals.org ,Highwire,administrative,,Oxford Journals,administrative,
Early Music,0306-1078 ,1741-7260 ,01/01/1973,,,,,,em,,full text,,Oxford University Press ,,Oxford Journals,host,http://em.oxfordjournals.org ,Highwire,administrative,,Oxford Journals,administrative,
ELT Journal,0951-0893 ,1477-4526 ,01/10/1946,,,,,,eltj,,full text,,Oxford University Press ,,Oxford Journals,host,http://eltj.oxfordjournals.org ,Highwire,administrative,,Oxford Journals,administrative,
English,0013-8215 ,1756-1124 ,01/01/1936,,,,,,english,,full text,,Oxford University Press ,,Oxford Journals,host,http://english.oxfordjournals.org ,Highwire,administrative,,Oxford Journals,administrative,
Enterprise and Society,1467-2227 ,1467-2235 ,01/03/2000,,,,,,es,,full text,,Oxford University Press ,,Oxford Journals,host,http://es.oxfordjournals.org ,Highwire,administrative,,Oxford Journals,administrative,
Environmental History,1084-5453 ,1930-8892 ,01/01/1996,,,,,,envhis,,full text,,Oxford University Press ,,Oxford Journals,host,http://envhis.oxfordjournals.org ,Highwire,administrative,,Oxford Journals,administrative,
Essays in Criticism,0014-0856 ,1471-6852 ,01/01/1951,,,,,,eic,,full text,,Oxford University Press ,,Oxford Journals,host,http://eic.oxfordjournals.org ,Highwire,administrative,,Oxford Journals,administrative,
Europace,1099-5129 ,1532-2092 ,01/01/1999,,,,,,europace,,full text,free back issues after 12 months ,Oxford University Press ,,Oxford Journals,host,http://europace.oxfordjournals.org ,Highwire,administrative,,Oxford Journals,administrative,
European Heart Journal,0195-668X ,1522-9645 ,02/01/1980,,,,,,eurheartj,,full text,"free back issues after 12 months back to Jan 01, 1996",Oxford University Press ,,Oxford Journals,host,http://eurheartj.oxfordjournals.org ,Highwire,administrative,,Oxford Journals,administrative,
European Heart Journal – Cardiovascular Imaging,2047-2404,2047-2412,01/03/2000,,,,,,ehjcimaging,,full text,,Oxford University Press ,,Oxford Journals,host,http://ehjcimaging.oxfordjournals.org/,Highwire,administrative,,Oxford Journals,administrative,
European Journal of Cardio-Thoracic Surgery,1010-7940,1873-734X ,01/02/1995,,,,,,ejcts,,full text,,Oxford University Press ,,Oxford Journals,host,http://ejcts.oxfordjournals.org/,Highwire,administrative,,Oxford Journals,administrative,
European Journal of Echocardiography,1525-2167 ,1532-2114 ,01/03/2000,,,01/12/2011,,,ejechocard,,full text,free back issues after 12 months ,Oxford University Press ,,Oxford Journals,host,http://ejechocard.oxfordjournals.org ,Highwire,administrative,,Oxford Journals,administrative,
European Journal of Heart Failure,1388-9842 ,1879-0844 ,01/03/1999,,,,,,eurjhf,,full text,free back issues after 12 months ,Oxford University Press ,,Oxford Journals,host,http://eurjhf.oxfordjournals.org ,Highwire,administrative,,Oxford Journals,administrative,
European Journal of International Law,0938-5428 ,1464-3596 ,01/01/1990,,,,,,ejil,,full text,free back issues after 12 months ,Oxford University Press ,,Oxford Journals,host,http://ejil.oxfordjournals.org ,Highwire,administrative,,Oxford Journals,administrative,
European Review of Agricultural Economics,0165-1587 ,1464-3618 ,01/01/1973,,,,,,erae,,full text,,Oxford University Press ,,Oxford Journals,host,http://erae.oxfordjournals.org ,Highwire,administrative,,Oxford Journals,administrative,
European Review of Economic History,1361-4916,1474-0044 ,01/04/1997,,,,,,ereh,,full text,,Oxford University Press ,,Oxford Journals,host,http://ereh.oxfordjournals.org/,Highwire,administrative,,Oxford Journals,administrative,
European Sociological Review,0266-7215 ,1468-2672 ,01/05/1985,,,,,,esr,,full text,,Oxford University Press ,,Oxford Journals,host,http://esr.oxfordjournals.org ,Highwire,administrative,,Oxford Journals,administrative,
Family Practice,0263-2136 ,1460-2229 ,01/03/1984,,,,,,fampra,,full text,"free back issues after 12 months back to Jan 01, 1996",Oxford University Press ,,Oxford Journals,host,http://fampra.oxfordjournals.org ,Highwire,administrative,,Oxford Journals,administrative,
Forest & Conservation History,1046-7009 ,Unknown,01/03/1957,,,01/10/1995,,,foreconshist,,full text,,Oxford University Press ,,Oxford Journals,host,http://foreconshist.oxfordjournals.org ,Highwire,administrative,,Oxford Journals,administrative,
Forestry,0015-752X ,1464-3626 ,01/01/1927,,,,,,forestry,,full text,,Oxford University Press ,,Oxford Journals,host,http://forestry.oxfordjournals.org ,Highwire,administrative,,Oxford Journals,administrative,
Forum for Modern Language Studies,0015-8518 ,1471-6860 ,01/01/1965,,,,,,fmls,,full text,,Oxford University Press ,,Oxford Journals,host,http://fmls.oxfordjournals.org ,Highwire,administrative,,Oxford Journals,administrative,
French History,0269-1191 ,1477-4542 ,01/01/1987,,,,,,fh,,full text,,Oxford University Press ,,Oxford Journals,host,http://fh.oxfordjournals.org ,Highwire,administrative,,Oxford Journals,administrative,
French Studies,0016-1128 ,1468-2931 ,01/01/1947,,,,,,fs,,full text,,Oxford University Press ,,Oxford Journals,host,http://fs.oxfordjournals.org ,Highwire,administrative,,Oxford Journals,administrative,
German History,0266-3554 ,1477-089X ,01/01/1984,,,,,,gh,,full text,,Oxford University Press ,,Oxford Journals,host,http://gh.oxfordjournals.org ,Highwire,administrative,,Oxford Journals,administrative,
Glycobiology,0959-6658 ,1460-2423 ,01/09/1990,,,,,,glycob,,full text,"free back issues after 12 months back to Jan 01, 1996",Oxford University Press ,,Oxford Journals,host,http://glycob.oxfordjournals.org ,Highwire,administrative,,Oxford Journals,administrative,
Health & Social Work,0360-7283,1545-6854  ,01/02/1997,,,,,,hsw,,full text,,Oxford University Press ,,Oxford Journals,host,http://hsw.oxfordjournals.org/,Highwire,administrative,,Oxford Journals,administrative,
Health Education Research,0268-1153 ,1465-3648 ,01/03/1986,,,,,,her,,full text,"free back issues after 12 months back to Jan 01, 1996",Oxford University Press ,,Oxford Journals,host,http://her.oxfordjournals.org ,Highwire,administrative,,Oxford Journals,administrative,
Health Policy and Planning,0268-1080 ,1460-2237 ,01/03/1986,,,,,,heapol,,full text,"free back issues after 12 months back to Jan 01, 1996",Oxford University Press ,,Oxford Journals,host,http://heapol.oxfordjournals.org ,Highwire,administrative,,Oxford Journals,administrative,
Health Promotion International,0957-4824 ,1460-2245 ,01/01/1986,,,,,,heapro,,full text,"free back issues after 12 months back to Jan 01, 1996",Oxford University Press ,,Oxford Journals,host,http://heapro.oxfordjournals.org ,Highwire,administrative,,Oxford Journals,administrative,
History Workshop Journal,1363-3554 ,1477-4569 ,01/01/1976,,,,,,hwj,,full text,,Oxford University Press ,,Oxford Journals,host,http://hwj.oxfordjournals.org ,Highwire,administrative,,Oxford Journals,administrative,
Holocaust and Genocide Studies,8756-6583 ,1476-7937 ,01/01/1986,,,,,,hgs,,full text,,Oxford University Press ,,Oxford Journals,host,http://hgs.oxfordjournals.org ,Highwire,administrative,,Oxford Journals,administrative,
Human Molecular Genetics,0964-6906 ,1460-2083 ,01/04/1992,,,,,,hmg,,full text,"free back issues after 12 months back to Jan 01, 1996",Oxford University Press ,,Oxford Journals,host,http://hmg.oxfordjournals.org ,Highwire,administrative,,Oxford Journals,administrative,
Human Reproduction,0268-1161 ,1460-2350 ,01/01/1986,,,,,,humrep,,full text,"free back issues after 12 months back to Jan 01, 1996",Oxford University Press ,,Oxford Journals,host,http://humrep.oxfordjournals.org ,Highwire,administrative,,Oxford Journals,administrative,
Human Reproduction Update,1355-4786 ,1460-2369 ,01/01/1995,,,,,,humupd,,full text,"free back issues after 12 months back to Jan 01, 1996",Oxford University Press ,,Oxford Journals,host,http://humupd.oxfordjournals.org ,Highwire,administrative,,Oxford Journals,administrative,
Human Rights Law Review,1461-7781,1744-1021 ,01/03/2001,,,,,,hrlr,,full text,,Oxford University Press ,,Oxford Journals,host,http://www.oxfordjournals.org/our_journals/hrlr/about.html,Highwire,administrative,,Oxford Journals,administrative,
ICES Journal of Marine Science,1054-3139 ,1095-9289 ,01/07/1903,,,,,,icesjms,,full text,"free back issues after 12 months back to Jan 01, 1996",Oxford University Press ,,Oxford Journals,host,http://icesjms.oxfordjournals.org ,Highwire,administrative,,Oxford Journals,administrative,
IMA Journal of Applied Mathematics,0272-4960 ,1464-3634 ,01/03/1965,,,,,,imamat,,full text,,Oxford University Press ,,Oxford Journals,host,http://imamat.oxfordjournals.org ,Highwire,administrative,,Oxford Journals,administrative,
IMA Journal of Management Mathematics,1471-678X ,1471-6798 ,01/01/1986,,,,,,imaman,,full text,,Oxford University Press ,,Oxford Journals,host,http://imaman.oxfordjournals.org ,Highwire,administrative,,Oxford Journals,administrative,
IMA Journal of Mathematical Control and Information,0265-0754 ,1471-6887 ,01/01/1984,,,,,,imamci,,full text,,Oxford University Press ,,Oxford Journals,host,http://imamci.oxfordjournals.org ,Highwire,administrative,,Oxford Journals,administrative,
IMA Journal of Numerical Analysis,0272-4979 ,1464-3642 ,01/01/1981,,,,,,imajna,,full text,,Oxford University Press ,,Oxford Journals,host,http://imajna.oxfordjournals.org ,Highwire,administrative,,Oxford Journals,administrative,
Industrial and Corporate Change,0960-6491 ,1464-3650 ,01/01/1992,,,,,,icc,,full text,,Oxford University Press ,,Oxford Journals,host,http://icc.oxfordjournals.org ,Highwire,administrative,,Oxford Journals,administrative,
Industrial Law Journal,0305-9332 ,1464-3669 ,01/01/1972,,,,,,ilj,,full text,,Oxford University Press ,,Oxford Journals,host,http://ilj.oxfordjournals.org ,Highwire,administrative,,Oxford Journals,administrative,
InnovAiT,1755-7380 ,1755-7399 ,01/01/2008,,,,,,rcgp-innovait,,full text,free back issues after 36 months ,Oxford University Press ,,Oxford Journals,host,http://rcgp-innovait.oxfordjournals.org ,Highwire,administrative,,Oxford Journals,administrative,
Integrative and Comparative Biology,1540-7063 ,1557-7023 ,01/02/1961,,,,,,icb,,full text,"free back issues after 12 months back to Jan 01, 1996",Oxford University Press ,,Oxford Journals,host,http://icb.oxfordjournals.org ,Highwire,administrative,,Oxford Journals,administrative,
Interdisciplinary Studies in Literature and Environment,1076-0962 ,1759-1090 ,01/04/1993,,,,,,isle,,full text,,Oxford University Press ,,Oxford Journals,host,http://isle.oxfordjournals.org ,Highwire,administrative,,Oxford Journals,administrative,
International Immunology,0953-8178 ,1460-2377 ,01/01/1989,,,,,,intimm,,full text,"free back issues after 12 months back to Jan 01, 1996",Oxford University Press ,,Oxford Journals,host,http://intimm.oxfordjournals.org ,Highwire,administrative,,Oxford Journals,administrative,
International Journal for Quality in Health Care,1353-4505 ,1464-3677 ,01/03/1989,,,,,,intqhc,,full text,"free back issues after 12 months back to Jan 01, 1996",Oxford University Press ,,Oxford Journals,host,http://intqhc.oxfordjournals.org ,Highwire,administrative,,Oxford Journals,administrative,
International Journal of Constitutional Law,1474-2640 ,1474-2659 ,01/01/2003,,,,,,icon,,full text,,Oxford University Press ,,Oxford Journals,host,http://icon.oxfordjournals.org ,Highwire,administrative,,Oxford Journals,administrative,
International Journal of Epidemiology,0300-5771 ,1464-3685 ,01/01/1972,,,,,,ije,,full text,"free back issues after 12 months back to Jan 01, 1996",Oxford University Press ,,Oxford Journals,host,http://ije.oxfordjournals.org ,Highwire,administrative,,Oxford Journals,administrative,
International Journal of Law and Information Technology,0967-0769 ,1464-3693 ,01/01/1993,,,,,,ijlit,,full text,,Oxford University Press ,,Oxford Journals,host,http://ijlit.oxfordjournals.org ,Highwire,administrative,,Oxford Journals,administrative,
"International Journal of Law, Policy and the Family",1360-9939 ,1464-3707 ,01/04/1987,,,,,,lawfam,,full text,,Oxford University Press ,,Oxford Journals,host,http://lawfam.oxfordjournals.org ,Highwire,administrative,,Oxford Journals,administrative,
International Journal of Lexicography,0950-3846 ,1477-4577 ,01/01/1988,,,,,,ijl,,full text,,Oxford University Press ,,Oxford Journals,host,http://ijl.oxfordjournals.org ,Highwire,administrative,,Oxford Journals,administrative,
International Journal of Low-Carbon Technologies,1748-1317 ,Unknown,01/01/2006,,,,,,ijlct,,full text,,Oxford University Press ,,Oxford Journals,host,http://ijlct.oxfordjournals.org ,Highwire,administrative,,Oxford Journals,administrative,
International Journal of Public Opinion Research,0954-2892 ,1471-6909 ,01/03/1989,,,,,,ijpor,,full text,,Oxford University Press ,,Oxford Journals,host,http://ijpor.oxfordjournals.org ,Highwire,administrative,,Oxford Journals,administrative,
International Journal of Refugee Law,0953-8186 ,1464-3715 ,01/01/1989,,,,,,ijrl,,full text,,Oxford University Press ,,Oxford Journals,host,http://ijrl.oxfordjournals.org ,Highwire,administrative,,Oxford Journals,administrative,
International Journal of Transitional Justice,1752-7716 ,1752-7724 ,01/03/2007,,,,,,ijtj,,full text,,Oxford University Press ,,Oxford Journals,host,http://ijtj.oxfordjournals.org ,Highwire,administrative,,Oxford Journals,administrative,
International Mathematics Research Notices,1073-7928 ,1687-0247 ,01/01/1991,,,,,,imrn,,full text,,Oxford University Press ,,Oxford Journals,host,http://imrn.oxfordjournals.org ,Highwire,administrative,,Oxford Journals,administrative,
International Mathematics Research Papers,1687-3017 ,1687-3009 ,01/01/2005,,,01/01/2008,,,imrp,,full text,,Oxford University Press ,,Oxford Journals,host,http://imrp.oxfordjournals.org ,Highwire,administrative,,Oxford Journals,administrative,
International Relations of the Asia-Pacific,1470-482X ,1470-4838 ,01/01/2001,,,,,,irap,,full text,,Oxford University Press ,,Oxford Journals,host,http://irap.oxfordjournals.org ,Highwire,administrative,,Oxford Journals,administrative,
ITNOW,1746-5702 ,1746-5710 ,01/10/1995,,,,,,itnow,,full text,,Oxford University Press ,,Oxford Journals,host,http://itnow.oxfordjournals.org ,Highwire,administrative,,Oxford Journals,administrative,
Japanese Journal of Clinical Oncology,0368-2811 ,1465-3621 ,01/01/1971,,,,,,jjco,,full text,"free back issues 6 months back to Jan 01, 1996 ",Oxford University Press ,,Oxford Journals,host,http://jjco.oxfordjournals.org ,Highwire,administrative,,Oxford Journals,administrative,
JNCI Journal of the National Cancer Institute,0027-8874 ,1460-2105 ,02/03/1988,,,,,,jnci,,full text,"free back issues after 12 months back to Jan 01, 1996",Oxford University Press ,,Oxford Journals,host,http://jnci.oxfordjournals.org ,Highwire,administrative,,Oxford Journals,administrative,
Journal of African Economies,0963-8024 ,1464-3723 ,01/03/1992,,,,,,jae,,full text,,Oxford University Press ,,Oxford Journals,host,http://jae.oxfordjournals.org ,Highwire,administrative,,Oxford Journals,administrative,
Journal of American History,0021-8723 ,Unknown,01/06/1914,,,,,,jah,,full text,,Oxford University Press ,,Oxford Journals,host,http://jah.oxfordjournals.org ,Highwire,administrative,,Oxford Journals,administrative,
Journal of Antimicrobial Chemotherapy,0305-7453 ,1460-2091 ,01/03/1975,,,,,,jac,,full text,"free back issues after 12 months back to Jan 01, 1996",Oxford University Press ,,Oxford Journals,host,http://jac.oxfordjournals.org ,Highwire,administrative,,Oxford Journals,administrative,
Journal of Church and State,0021-969X ,2040-4867 ,01/11/1959,,,,,,jcs,,full text,,Oxford University Press ,,Oxford Journals,host,http://jcs.oxfordjournals.org ,Highwire,administrative,,Oxford Journals,administrative,
Journal of Competition Law and Economics,1744-6414 ,1744-6422 ,01/03/2005,,,,,,jcle,,full text,,Oxford University Press ,,Oxford Journals,host,http://jcle.oxfordjournals.org ,Highwire,administrative,,Oxford Journals,administrative,
Journal of Conflict & Security Law,1467-7954,1467-7962 ,01/06/1996,,,,,,jconsl,,full text,,Oxford University Press ,,Oxford Journals,host,http://www.oxfordjournals.org/our_journals/jconsl/about.html,Highwire,administrative,,Oxford Journals,administrative,
Journal of Design History,0952-4649 ,1741-7279 ,01/01/1988,,,,,,jdh,,full text,,Oxford University Press ,,Oxford Journals,host,http://jdh.oxfordjournals.org ,Highwire,administrative,,Oxford Journals,administrative,
Journal of Economic Geography,1468-2702 ,1468-2710 ,01/01/2001,,,,,,joeg,,full text,,Oxford University Press ,,Oxford Journals,host,http://joeg.oxfordjournals.org ,Highwire,administrative,,Oxford Journals,administrative,
Journal of Electron Microscopy,0022-0744 ,1477-9986 ,01/01/1953,,,,,,jmicro,,full text,,Oxford University Press ,,Oxford Journals,host,http://jmicro.oxfordjournals.org ,Highwire,administrative,,Oxford Journals,administrative,
Journal of Environmental Law,0952-8873 ,1464-374X ,01/01/1989,,,,,,jel,,full text,,Oxford University Press ,,Oxford Journals,host,http://jel.oxfordjournals.org ,Highwire,administrative,,Oxford Journals,administrative,
Journal of European Competition Law & Practice,2041-7764 ,2041-7772 ,01/01/2010,,,,,,jeclap,,full text,,Oxford University Press ,,Oxford Journals,host,http://jeclap.oxfordjournals.org ,Highwire,administrative,,Oxford Journals,administrative,
Journal of Experimental Botany,0022-0957 ,1460-2431 ,01/01/1950,,,,,,jxb,,full text,"free back issues after 12 months back to Jan 01, 1996",Oxford University Press ,,Oxford Journals,host,http://jxb.oxfordjournals.org ,Highwire,administrative,,Oxford Journals,administrative,
Journal of Financial Econometrics,1479-8409 ,1479-8417 ,01/03/2003,,,,,,jfec,,full text,,Oxford University Press ,,Oxford Journals,host,http://jfec.oxfordjournals.org ,Highwire,administrative,,Oxford Journals,administrative,
Journal of Heredity,0022-1503 ,1465-7333 ,01/01/1905,,,,,,jhered,,full text,"free back issues after 12 months back to Jan 01, 1996",Oxford University Press ,,Oxford Journals,host,http://jhered.oxfordjournals.org ,Highwire,administrative,,Oxford Journals,administrative,
Journal of Human Rights Practice,1757-9619 ,1757-9627 ,01/03/2009,,,,,,jhrp,,full text,,Oxford University Press ,,Oxford Journals,host,http://jhrp.oxfordjournals.org ,Highwire,administrative,,Oxford Journals,administrative,
Journal of Infectious Diseases,0022-1899 ,1537-6613 ,01/01/1904,,,,,,jid,,full text,"free back issues after 12 months back to Jan 01, 1996",Oxford University Press ,,Oxford Journals,host,http://jid.oxfordjournals.org ,Highwire,administrative,,Oxford Journals,administrative,
Journal of Intellectual Property Law & Practice,1747-1532 ,1747-1540 ,01/11/2005,,,,,,jiplp,,full text,,Oxford University Press ,,Oxford Journals,host,http://jiplp.oxfordjournals.org ,Highwire,administrative,,Oxford Journals,administrative,
Journal of International Criminal Justice,1478-1387 ,1478-1395 ,01/04/2003,,,,,,jicj,,full text,,Oxford University Press ,,Oxford Journals,host,http://jicj.oxfordjournals.org ,Highwire,administrative,,Oxford Journals,administrative,
Journal of International Economic Law,1369-3034 ,1464-3758 ,01/03/1998,,,,,,jiel,,full text,,Oxford University Press ,,Oxford Journals,host,http://jiel.oxfordjournals.org ,Highwire,administrative,,Oxford Journals,administrative,
Journal of Islamic Studies,0955-2340 ,1471-6917 ,01/01/1990,,,,,,jis,,full text,,Oxford University Press ,,Oxford Journals,host,http://jis.oxfordjournals.org ,Highwire,administrative,,Oxford Journals,administrative,
Journal of Logic and Computation,0955-792X ,1465-363X ,01/07/1990,,,,,,logcom,,full text,,Oxford University Press ,,Oxford Journals,host,http://logcom.oxfordjournals.org ,Highwire,administrative,,Oxford Journals,administrative,
Journal of Molluscan Studies,0260-1230 ,1464-3766 ,01/10/1893,,,,,,mollus,,full text,,Oxford University Press ,,Oxford Journals,host,http://mollus.oxfordjournals.org ,Highwire,administrative,,Oxford Journals,administrative,
Journal of Pediatric Psychology,0146-8693 ,1465-735X ,01/01/1976,,,,,,jpepsy,,full text,"free back issues after 12 months back to Jan 01, 1996",Oxford University Press ,,Oxford Journals,host,http://jpepsy.oxfordjournals.org ,Highwire,administrative,,Oxford Journals,administrative,
Journal of Petrology,0022-3530 ,1460-2415 ,01/01/1960,,,,,,petrology,,full text,"free back issues after 12 months back to Jan 01, 1996",Oxford University Press ,,Oxford Journals,host,http://petrology.oxfordjournals.org ,Highwire,administrative,,Oxford Journals,administrative,
Journal of Plankton Research,0142-7873 ,1464-3774 ,01/04/1979,,,,,,plankt,,full text,"free back issues after 12 months back to Jan 01, 1996",Oxford University Press ,,Oxford Journals,host,http://plankt.oxfordjournals.org ,Highwire,administrative,,Oxford Journals,administrative,
Journal of Plant Ecology,1752-9921 ,1752-993X ,01/03/2008,,,,,,jpe,,full text,free back issues after 12 months ,Oxford University Press ,,Oxford Journals,host,http://jpe.oxfordjournals.org ,Highwire,administrative,,Oxford Journals,administrative,
Journal of Public Administration Research and Theory,1053-1858 ,1477-9803 ,01/01/1991,,,,,,jpart,,full text,,Oxford University Press ,,Oxford Journals,host,http://jpart.oxfordjournals.org ,Highwire,administrative,,Oxford Journals,administrative,
Journal of Public Health,1741-3842 ,1741-3850 ,01/02/1979,,,,,,jpubhealth,,full text,"free back issues after 12 months back to Jan 01, 1996",Oxford University Press ,,Oxford Journals,host,http://jpubhealth.oxfordjournals.org ,Highwire,administrative,,Oxford Journals,administrative,
Journal of Refugee Studies,0951-6328 ,1471-6925 ,01/01/1988,,,,,,jrs,,full text,,Oxford University Press ,,Oxford Journals,host,http://jrs.oxfordjournals.org ,Highwire,administrative,,Oxford Journals,administrative,
Journal of Semantics,0167-5133 ,1477-4593 ,01/01/1982,,,,,,jos,,full text,,Oxford University Press ,,Oxford Journals,host,http://jos.oxfordjournals.org ,Highwire,administrative,,Oxford Journals,administrative,
Journal of Semitic Studies,0022-4480 ,1477-8556 ,01/01/1956,,,,,,jss,,full text,,Oxford University Press ,,Oxford Journals,host,http://jss.oxfordjournals.org ,Highwire,administrative,,Oxford Journals,administrative,
Journal of Social History,0022-4529 ,1527-1897 ,01/09/1967,,,,,,jsh,,full text,,Oxford University Press ,,Oxford Journals,host,http://jsh.oxfordjournals.org ,Highwire,administrative,,Oxford Journals,administrative,
Journal of the American Academy of Religion,0002-7189 ,1477-4585 ,01/01/1933,,,,,,jaar,,full text,,Oxford University Press ,,Oxford Journals,host,http://jaar.oxfordjournals.org ,Highwire,administrative,,Oxford Journals,administrative,
Journal of the History of Collections,0954-6650 ,1477-8564 ,01/01/1989,,,,,,jhc,,full text,,Oxford University Press ,,Oxford Journals,host,http://jhc.oxfordjournals.org ,Highwire,administrative,,Oxford Journals,administrative,
Journal of the History of Medicine and Allied Sciences,0022-5045 ,1468-4373 ,01/01/1946,,,,,,jhmas,,full text,,Oxford University Press ,,Oxford Journals,host,http://jhmas.oxfordjournals.org ,Highwire,administrative,,Oxford Journals,administrative,
Journal of the ICRU,1473-6691 ,1742-3422 ,01/06/2004,,,,,,jicru,,full text,,Oxford University Press ,,Oxford Journals,host,http://jicru.oxfordjournals.org ,Highwire,administrative,,Oxford Journals,administrative,
Journal of the London Mathematical Society,0024-6107 ,1469-7750 ,01/01/1926,,,,,,jlms,,full text,,Oxford University Press ,,Oxford Journals,host,http://jlms.oxfordjournals.org ,Highwire,administrative,,Oxford Journals,administrative,
Journal of Tropical Pediatrics,0142-6338 ,1465-3664 ,01/06/1955,,,,,,tropej,,full text,,Oxford University Press ,,Oxford Journals,host,http://tropej.oxfordjournals.org ,Highwire,administrative,,Oxford Journals,administrative,
Journals of Gerontology Series B: Psychological Sciences and Social Sciences,1079-5014 ,1758-5368 ,01/01/1995,,,,,,psychsocgerontology,,full text,,Oxford University Press ,,Oxford Journals,host,http://psychsocgerontology.oxfordjournals.org ,Highwire,administrative,,Oxford Journals,administrative,
The journal of Medicine and Philosophy,0360-5310 ,1744-5019 ,01/01/1976,,,,,,jmp,,full text,,Oxford University Press ,,Oxford Journals,host,http://jmp.oxfordjournals.org ,Highwire,administrative,,Oxford Journals,administrative,
"Law, Probability and Risk",1470-8396 ,1470-840X ,01/07/2002,,,,,,lpr,,full text,,Oxford University Press ,,Oxford Journals,host,http://lpr.oxfordjournals.org ,Highwire,administrative,,Oxford Journals,administrative,
Literary and Linguistic Computing,0268-1145 ,1477-4615 ,01/01/1986,,,,,,llc,,full text,,Oxford University Press ,,Oxford Journals,host,http://llc.oxfordjournals.org ,Highwire,administrative,,Oxford Journals,administrative,
Literary Imagination,1523-9012 ,1752-6566 ,01/01/1999,,,,,,litimag,,full text,,Oxford University Press ,,Oxford Journals,host,http://litimag.oxfordjournals.org ,Highwire,administrative,,Oxford Journals,administrative,
Literature and Theology,0269-1205 ,1477-4623 ,01/03/1987,,,,,,litthe,,full text,,Oxford University Press ,,Oxford Journals,host,http://litthe.oxfordjournals.org ,Highwire,administrative,,Oxford Journals,administrative,
Logic Journal of IGPL,1367-0751 ,1368-9894 ,01/07/1993,,,,,,jigpal,,full text,,Oxford University Press ,,Oxford Journals,host,http://jigpal.oxfordjournals.org ,Highwire,administrative,,Oxford Journals,administrative,
Mathematical Medicine and Biology,1477-8599 ,1477-8602 ,01/01/1984,,,,,,imammb,,full text,,Oxford University Press ,,Oxford Journals,host,http://imammb.oxfordjournals.org ,Highwire,administrative,,Oxford Journals,administrative,
Medical Law Review,0967-0742 ,1464-3790 ,01/01/1993,,,,,,medlaw,,full text,,Oxford University Press ,,Oxford Journals,host,http://medlaw.oxfordjournals.org ,Highwire,administrative,,Oxford Journals,administrative,
MHR: Molecular Human Reproduction,1360-9947 ,1460-2407 ,01/03/1995,,,,,,molehr,,full text,"free back issues after 12 months back to Jan 01, 1996",Oxford University Press ,,Oxford Journals,host,http://molehr.oxfordjournals.org ,Highwire,administrative,,Oxford Journals,administrative,
Mind,0026-4423 ,1460-2113 ,1-Jan-1876,,,,,,mind,,full text,,Oxford University Press ,,Oxford Journals,host,http://mind.oxfordjournals.org ,Highwire,administrative,,Oxford Journals,administrative,
Modern Judaism,0276-1114 ,1086-3273 ,01/01/1981,,,,,,mj,,full text,,Oxford University Press ,,Oxford Journals,host,http://mj.oxfordjournals.org ,Highwire,administrative,,Oxford Journals,administrative,
Molecular Biology and Evolution,0737-4038 ,1537-1719 ,01/12/1983,,,,,,mbe,,full text,free back issues after 12 months ,Oxford University Press ,,Oxford Journals,host,http://mbe.oxfordjournals.org ,Highwire,administrative,,Oxford Journals,administrative,
Molecular Plant,1674-2052 ,1752-9867 ,01/01/2008,,,,,,mplant,,full text,free back issues after 12 months ,Oxford University Press ,,Oxford Journals,host,http://mplant.oxfordjournals.org ,Highwire,administrative,,Oxford Journals,administrative,
Music and Letters,0027-4224 ,1477-4631 ,01/01/1920,,,,,,ml,,full text,,Oxford University Press ,,Oxford Journals,host,http://ml.oxfordjournals.org ,Highwire,administrative,,Oxford Journals,administrative,
Mutagenesis,0267-8357 ,1464-3804 ,01/01/1986,,,,,,mutage,,full text,"free back issues after 12 months back to Jan 01, 1996",Oxford University Press ,,Oxford Journals,host,http://mutage.oxfordjournals.org ,Highwire,administrative,,Oxford Journals,administrative,
Nephrology Dialysis Transplantation,0931-0509 ,1460-2385 ,01/01/1986,,,,,,ndt,,full text,"free back issues after 12 months back to Jan 01, 1996",Oxford University Press ,,Oxford Journals,host,http://ndt.oxfordjournals.org ,Highwire,administrative,,Oxford Journals,administrative,
Neuro-Oncology,1522-8517 ,1523-5866 ,01/01/1999,,,,,,neuro-oncology,,full text,free back issues after 12 months ,Oxford University Press ,,Oxford Journals,host,http://neuro-oncology.oxfordjournals.org ,Highwire,administrative,,Oxford Journals,administrative,
Nicotine & Tobacco Research,1462-2203 ,1469-994X ,01/01/1999,,,,,,ntr,,full text,,Oxford University Press ,,Oxford Journals,host,http://ntr.oxfordjournals.org ,Highwire,administrative,,Oxford Journals,administrative,
Notes and Queries,0029-3970 ,1471-6941 ,3-Nov-1849,,,,,,nq,,full text,,Oxford University Press ,,Oxford Journals,host,http://nq.oxfordjournals.org ,Highwire,administrative,,Oxford Journals,administrative,
OAH Magazine of History,0882-228X ,Unknown,01/05/1985,,,,,,maghis,,full text,,Oxford University Press ,,Oxford Journals,host,http://maghis.oxfordjournals.org ,Highwire,administrative,,Oxford Journals,administrative,
Occupational Medicine,0962-7480 ,1471-8405 ,01/09/1948,,,,,,occmed,,full text,"free back issues after 12 months back to Jan 01, 1996",Oxford University Press ,,Oxford Journals,host,http://occmed.oxfordjournals.org ,Highwire,administrative,,Oxford Journals,administrative,
Oxford Art Journal,0142-6540 ,1741-7287 ,01/01/1978,,,,,,oaj,,full text,,Oxford University Press ,,Oxford Journals,host,http://oaj.oxfordjournals.org ,Highwire,administrative,,Oxford Journals,administrative,
Oxford Economic Papers,0030-7653 ,1464-3812 ,01/10/1938,,,,,,oep,,full text,,Oxford University Press ,,Oxford Journals,host,http://oep.oxfordjournals.org ,Highwire,administrative,,Oxford Journals,administrative,
Oxford Journal of Legal Studies,0143-6503 ,1464-3820 ,01/03/1981,,,,,,ojls,,full text,,Oxford University Press ,,Oxford Journals,host,http://ojls.oxfordjournals.org ,Highwire,administrative,,Oxford Journals,administrative,
Oxford Review of Economic Policy,0266-903X ,1460-2121 ,01/03/1985,,,,,,oxrep,,full text,,Oxford University Press ,,Oxford Journals,host,http://oxrep.oxfordjournals.org ,Highwire,administrative,,Oxford Journals,administrative,
Parliamentary Affairs,0031-2290 ,1460-2482 ,01/01/1947,,,,,,pa,,full text,,Oxford University Press ,,Oxford Journals,host,http://pa.oxfordjournals.org ,Highwire,administrative,,Oxford Journals,administrative,
Past & Present,0031-2746 ,1477-464X ,01/02/1952,,,,,,past,,full text,,Oxford University Press ,,Oxford Journals,host,http://past.oxfordjournals.org ,Highwire,administrative,,Oxford Journals,administrative,
Philosophia Mathematica,0031-8019 ,1744-6406 ,01/06/1964,,,,,,philmat,,full text,,Oxford University Press ,,Oxford Journals,host,http://philmat.oxfordjournals.org ,Highwire,administrative,,Oxford Journals,administrative,
Plant and Cell Physiology,0032-0781 ,1471-9053 ,01/12/1959,,,,,,pcp,,full text,"free back issues after 12 months back to Jan 01, 1996",Oxford University Press ,,Oxford Journals,host,http://pcp.oxfordjournals.org ,Highwire,administrative,,Oxford Journals,administrative,
Policing,1752-4512 ,1752-4520 ,01/01/2007,,,,,,policing,,full text,,Oxford University Press ,,Oxford Journals,host,http://policing.oxfordjournals.org ,Highwire,administrative,,Oxford Journals,administrative,
Political Analysis,1047-1987 ,1476-4989 ,01/01/1989,,,,,,pan,,full text,,Oxford University Press ,,Oxford Journals,host,http://pan.oxfordjournals.org ,Highwire,administrative,,Oxford Journals,administrative,
Proceedings of the London Mathematical Society,0024-6115 ,1460-244X ,1-Jan-1865,,,,,,plms,,full text,,Oxford University Press ,,Oxford Journals,host,http://plms.oxfordjournals.org ,Highwire,administrative,,Oxford Journals,administrative,
Protein Engineering Design and Selection,1741-0126 ,1741-0134 ,01/10/1986,,,,,,peds,,full text,"free back issues after 12 months back to Jan 01, 1996",Oxford University Press ,,Oxford Journals,host,http://peds.oxfordjournals.org ,Highwire,administrative,,Oxford Journals,administrative,
Public Health Ethics,1754-9973 ,1754-9981 ,01/04/2008,,,,,,phe,,full text,,Oxford University Press ,,Oxford Journals,host,http://phe.oxfordjournals.org ,Highwire,administrative,,Oxford Journals,administrative,
Public Opinion Quarterly,0033-362X ,1537-5331 ,01/01/1937,,,,,,poq,,full text,,Oxford University Press ,,Oxford Journals,host,http://poq.oxfordjournals.org ,Highwire,administrative,,Oxford Journals,administrative,
Publius: Journal of Federalism,0048-5950 ,1747-7107 ,01/01/1971,,,,,,publius,,full text,,Oxford University Press ,,Oxford Journals,host,http://publius.oxfordjournals.org ,Highwire,administrative,,Oxford Journals,administrative,
QJM: An International Journal of Medicine,1460-2725 ,1460-2393 ,01/10/1907,,,,,,qjmed,,full text,"free back issues after 12 months back to Jan 01, 1996",Oxford University Press ,,Oxford Journals,host,http://qjmed.oxfordjournals.org ,Highwire,administrative,,Oxford Journals,administrative,
Radiation Protection Dosimetry,0144-8420 ,1742-3406 ,01/01/1981,,,,,,rpd,,full text,,Oxford University Press ,,Oxford Journals,host,http://rpd.oxfordjournals.org ,Highwire,administrative,,Oxford Journals,administrative,
Refugee Survey Quarterly,1020-4067 ,1471-695X ,01/01/1982,,,,,,rsq,,full text,,Oxford University Press ,,Oxford Journals,host,http://rsq.oxfordjournals.org ,Highwire,administrative,,Oxford Journals,administrative,
"Reports of Patent, Design and Trade Mark Cases",0080-1364 ,1756-1000 ,01/01/1977,,,,,,rpc,,full text,,Oxford University Press ,,Oxford Journals,host,http://rpc.oxfordjournals.org ,Highwire,administrative,,Oxford Journals,administrative,
Review of Asset Pricing Studies,2045-9920 ,2045-9939 ,01/12/2011,,,,,,raps,,full text,,Oxford University Press ,,Oxford Journals,host,http://raps.oxfordjournals.org ,Highwire,administrative,,Oxford Journals,administrative,
Review of Economic Studies,0034-6527 ,1467-937X ,01/01/1933,,,,,,restud,,full text,,Oxford University Press ,,Oxford Journals,host,http://restud.oxfordjournals.org ,Highwire,administrative,,Oxford Journals,administrative,
Review of Environmental Economics and Policy,1750-6816 ,1750-6824 ,01/01/2007,,,,,,reep,,full text,,Oxford University Press ,,Oxford Journals,host,http://reep.oxfordjournals.org ,Highwire,administrative,,Oxford Journals,administrative,
Review of Finance,1572-3097 ,1573-692X ,01/01/1997,,,,,,rof,,full text,,Oxford University Press ,,Oxford Journals,host,http://rof.oxfordjournals.org ,Highwire,administrative,,Oxford Journals,administrative,
Rheumatology,1462-0324 ,1462-0332 ,01/01/1952,,,,,,rheumatology,,full text,"free back issues after 12 months back to Jan 01, 1996",Oxford University Press ,,Oxford Journals,host,http://rheumatology.oxfordjournals.org ,Highwire,administrative,,Oxford Journals,administrative,
Schizophrenia Bulletin,0586-7614 ,1745-1701 ,01/12/1969,,,,,,schizophreniabulletin,,full text,"free back issues after 12 months back to Jan 01, 1996",Oxford University Press ,,Oxford Journals,host,http://schizophreniabulletin.oxfordjournals.org ,Highwire,administrative,,Oxford Journals,administrative,
Screen,0036-9543 ,1460-2474 ,01/01/1969,,,,,,screen,,full text,,Oxford University Press ,,Oxford Journals,host,http://screen.oxfordjournals.org ,Highwire,administrative,,Oxford Journals,administrative,
Social Cognitive and Affective Neuroscience,1749-5016 ,1749-5024 ,01/06/2006,,,,,,scan,,full text,free back issues after 12 months ,Oxford University Press ,,Oxford Journals,host,http://scan.oxfordjournals.org ,Highwire,administrative,,Oxford Journals,administrative,
Social Forces,0037-7732 ,1534-7605 ,01/11/1922,,,,,,sf,,full text,,Oxford University Press ,,Oxford Journals,host,http://sf.oxfordjournals.org ,Highwire,administrative,,Oxford Journals,administrative,
Social History of Medicine,0951-631X ,1477-4666 ,01/01/1988,,,,,,shm,,full text,,Oxford University Press ,,Oxford Journals,host,http://shm.oxfordjournals.org ,Highwire,administrative,,Oxford Journals,administrative,
"Social Politics: International Studies in Gender, State & Society",1072-4745 ,1468-2893 ,01/03/1994,,,,,,sp,,full text,,Oxford University Press ,,Oxford Journals,host,http://sp.oxfordjournals.org ,Highwire,administrative,,Oxford Journals,administrative,
Social Science Japan Journal,1369-1465 ,1468-2680 ,01/04/1998,,,,,,ssjj,,full text,,Oxford University Press ,,Oxford Journals,host,http://ssjj.oxfordjournals.org ,Highwire,administrative,,Oxford Journals,administrative,
Social Work,0037-8046,1545-6846,01/01/1997,,,,,,sw,,full text,,Oxford University Press ,,Oxford Journals,host,http://sw.oxfordjournals.org/,Highwire,administrative,,Oxford Journals,administrative,
Social Work Research,1070-5309,1545-6838  ,01/01/1997,,,,,,swr,,full text,,Oxford University Press ,,Oxford Journals,host,http://swr.oxfordjournals.org/,Highwire,administrative,,Oxford Journals,administrative,
Socio-Economic Review,1475-1461 ,1475-147X ,01/01/2003,,,,,,ser,,full text,,Oxford University Press ,,Oxford Journals,host,http://ser.oxfordjournals.org ,Highwire,administrative,,Oxford Journals,administrative,
Sociology of Religion,1069-4404 ,1759-8818 ,01/03/1964,,,,,,socrel,,full text,free back issues after 24 months ,Oxford University Press ,,Oxford Journals,host,http://socrel.oxfordjournals.org ,Highwire,administrative,,Oxford Journals,administrative,
Statute Law Review,0144-3593 ,1464-3863 ,01/01/1980,,,,,,slr,,full text,,Oxford University Press ,,Oxford Journals,host,http://slr.oxfordjournals.org ,Highwire,administrative,,Oxford Journals,administrative,
Systematic Biology,1063-5157 ,1076-836X ,01/03/1952,,,,,,sysbio,,full text,,Oxford University Press ,,Oxford Journals,host,http://sysbio.oxfordjournals.org ,Highwire,administrative,,Oxford Journals,administrative,
Teaching Mathematics and its Applications,0268-3679 ,1471-6976 ,01/01/1982,,,,,,teamat,,full text,,Oxford University Press ,,Oxford Journals,host,http://teamat.oxfordjournals.org ,Highwire,administrative,,Oxford Journals,administrative,
The Annals of Occupational Hygiene,0003-4878 ,1475-3162 ,01/01/1958,,,,,,annhyg,,full text,"free back issues after 12 months back to Jan 01, 1996",Oxford University Press ,,Oxford Journals,host,http://annhyg.oxfordjournals.org ,Highwire,administrative,,Oxford Journals,administrative,
The British Journal for the Philosophy of Science,0007-0882 ,1464-3537 ,01/05/1950,,,,,,bjps,,full text,,Oxford University Press ,,Oxford Journals,host,http://bjps.oxfordjournals.org ,Highwire,administrative,,Oxford Journals,administrative,
The British Journal of Aesthetics,0007-0904 ,1468-2842 ,01/01/1960,,,,,,bjaesthetics,,full text,,Oxford University Press ,,Oxford Journals,host,http://bjaesthetics.oxfordjournals.org ,Highwire,administrative,,Oxford Journals,administrative,
The British Journal of Criminology,0007-0955 ,1464-3529 ,01/07/1960,,,,,,bjc,,full text,,Oxford University Press ,,Oxford Journals,host,http://bjc.oxfordjournals.org ,Highwire,administrative,,Oxford Journals,administrative,
The British Journal of Social Work,0045-3102 ,1468-263X ,01/01/1971,,,,,,bjsw,,full text,,Oxford University Press ,,Oxford Journals,host,http://bjsw.oxfordjournals.org ,Highwire,administrative,,Oxford Journals,administrative,
The Cambridge Quarterly,0008-199X ,1471-6836 ,01/01/1965,,,,,,camqtly,,full text,,Oxford University Press ,,Oxford Journals,host,http://camqtly.oxfordjournals.org ,Highwire,administrative,,Oxford Journals,administrative,
The Chinese Journal of International Politics,1750-8916 ,1750-8924 ,01/01/2006,,,,,,cjip,,full text,,Oxford University Press ,,Oxford Journals,host,http://cjip.oxfordjournals.org ,Highwire,administrative,,Oxford Journals,administrative,
The Computer Journal,0010-4620 ,1460-2067 ,01/01/1958,,,,,,comjnl,,full text,,Oxford University Press ,,Oxford Journals,host,http://comjnl.oxfordjournals.org ,Highwire,administrative,,Oxford Journals,administrative,
The English Historical Review,0013-8266 ,1477-4534 ,01/01/1886,,,,,,ehr,,full text,,Oxford University Press ,,Oxford Journals,host,http://ehr.oxfordjournals.org ,Highwire,administrative,,Oxford Journals,administrative,
The European Journal of Orthodontics,0141-5387 ,1460-2210 ,01/01/1979,,,,,,ejo,,full text,"free back issues after 12 months back to Jan 01, 1996",Oxford University Press ,,Oxford Journals,host,http://ejo.oxfordjournals.org ,Highwire,administrative,,Oxford Journals,administrative,
The European Journal of Public Health,1101-1262 ,1464-360X ,01/01/1991,,,,,,eurpub,,full text,"free back issues after 12 months back to Jan 01, 1996",Oxford University Press ,,Oxford Journals,host,http://eurpub.oxfordjournals.org ,Highwire,administrative,,Oxford Journals,administrative,
The Gerontologist,0016-9013 ,1758-5341 ,01/03/1961,,,,,,gerontologist,,full text,,Oxford University Press ,,Oxford Journals,host,http://gerontologist.oxfordjournals.org ,Highwire,administrative,,Oxford Journals,administrative,
The Journal of Biochemistry,0021-924X ,Unknown,01/01/1922,,,,,,jb,,full text,,Oxford University Press ,,Oxford Journals,host,http://jb.oxfordjournals.org ,Highwire,administrative,,Oxford Journals,administrative,
The Journal of Deaf Studies and Deaf Education,1081-4159 ,1465-7325 ,01/01/1996,,,,,,jdsde,,full text,"free back issues after 12 months back to Jan 01, 1996",Oxford University Press ,,Oxford Journals,host,http://jdsde.oxfordjournals.org ,Highwire,administrative,,Oxford Journals,administrative,
The Journal of Hindu Studies,1756-4255 ,1756-4263 ,16/10/2008,,,,,,jhs,,full text,,Oxford University Press ,,Oxford Journals,host,http://jhs.oxfordjournals.org ,Highwire,administrative,,Oxford Journals,administrative,
"The Journal of Law, Economics, and Organization",8756-6222 ,1465-7341 ,01/01/1985,,,,,,jleo,,full text,,Oxford University Press ,,Oxford Journals,host,http://jleo.oxfordjournals.org ,Highwire,administrative,,Oxford Journals,administrative,
The Journal of Theological Studies,0022-5185 ,1477-4607 ,01/10/1899,,,,,,jts,,full text,,Oxford University Press ,,Oxford Journals,host,http://jts.oxfordjournals.org ,Highwire,administrative,,Oxford Journals,administrative,
The Journal of World Energy Law & Business,1754-9957 ,1754-9965 ,01/05/2008,,,,,,jwelb,,full text,,Oxford University Press ,,Oxford Journals,host,http://jwelb.oxfordjournals.org ,Highwire,administrative,,Oxford Journals,administrative,
The Leo Baeck Institute Yearbook,0075-8744 ,1758-437X ,01/01/1956,,,,,,leobaeck,,full text,,Oxford University Press ,,Oxford Journals,host,http://leobaeck.oxfordjournals.org ,Highwire,administrative,,Oxford Journals,administrative,
The Library,0024-2160 ,1744-8581 ,01/01/1889,,,,,,library,,full text,,Oxford University Press ,,Oxford Journals,host,http://library.oxfordjournals.org ,Highwire,administrative,,Oxford Journals,administrative,
The Musical Quarterly,0027-4631 ,1741-8399 ,01/01/1915,,,,,,mq,,full text,,Oxford University Press ,,Oxford Journals,host,http://mq.oxfordjournals.org ,Highwire,administrative,,Oxford Journals,administrative,
The Opera Quarterly,0736-0053 ,1476-2870 ,01/01/1983,,,,,,oq,,full text,,Oxford University Press ,,Oxford Journals,host,http://oq.oxfordjournals.org ,Highwire,administrative,,Oxford Journals,administrative,
The Oral History Review,0094-0798 ,1533-8592 ,01/01/1973,,,,,,ohr,,full text,,Oxford University Press ,,Oxford Journals,host,http://ohr.oxfordjournals.org ,Highwire,administrative,,Oxford Journals,administrative,
The Quarterly Journal of Economics, 0033-5533,1531-4650 ,01/10/1886,,,,,,qje,,full text,,Oxford University Press ,,Oxford Journals,host,http://qje.oxfordjournals.org/,Highwire,administrative,,Oxford Journals,administrative,
The Quarterly Journal of Mathematics,0033-5606 ,1464-3847 ,01/01/1930,,,,,,qjmath,,full text,,Oxford University Press ,,Oxford Journals,host,http://qjmath.oxfordjournals.org ,Highwire,administrative,,Oxford Journals,administrative,
The Quarterly Journal of Mechanics and Applied Mathematics,0033-5614 ,1464-3855 ,01/01/1948,,,,,,qjmam,,full text,,Oxford University Press ,,Oxford Journals,host,http://qjmam.oxfordjournals.org ,Highwire,administrative,,Oxford Journals,administrative,
The Review of English Studies,0034-6551 ,1471-6968 ,01/01/1925,,,,,,res,,full text,,Oxford University Press ,,Oxford Journals,host,http://res.oxfordjournals.org ,Highwire,administrative,,Oxford Journals,administrative,
The Review of Financial Studies,0893-9454 ,1465-7368 ,01/01/1988,,,,,,rfs,,full text,,Oxford University Press ,,Oxford Journals,host,http://rfs.oxfordjournals.org ,Highwire,administrative,,Oxford Journals,administrative,
The World Bank Economic Review,0258-6770 ,1564-698X ,01/09/1986,,,,,,wber,,full text,,Oxford University Press ,,Oxford Journals,host,http://wber.oxfordjournals.org ,Highwire,administrative,,Oxford Journals,administrative,
The World Bank Research Observer,0257-3032 ,1564-6971 ,01/01/1986,,,,,,wbro,,full text,,Oxford University Press ,,Oxford Journals,host,http://wbro.oxfordjournals.org ,Highwire,administrative,,Oxford Journals,administrative,
The Year's Work in Critical and Cultural Theory,1077-4254 ,1471-681X ,01/01/1991,,,,,,ywcct,,full text,,Oxford University Press ,,Oxford Journals,host,http://ywcct.oxfordjournals.org ,Highwire,administrative,,Oxford Journals,administrative,
The Year's Work in English Studies,0084-4144 ,1471-6801 ,01/01/1921,,,,,,ywes,,full text,,Oxford University Press ,,Oxford Journals,host,http://ywes.oxfordjournals.org ,Highwire,administrative,,Oxford Journals,administrative,
Toxicological Sciences,1096-6080 ,1096-0929 ,01/01/1981,,,,,,toxsci,,full text,"free back issues after 12 months back to Jan 01, 1996",Oxford University Press ,,Oxford Journals,host,http://toxsci.oxfordjournals.org ,Highwire,administrative,,Oxford Journals,administrative,
Tree Physiology,0829-318X ,1758-4469 ,01/06/1986,,,,,,treephys,,full text,free back issues after 24 months ,Oxford University Press ,,Oxford Journals,host,http://treephys.oxfordjournals.org ,Highwire,administrative,,Oxford Journals,administrative,
Trusts & Trustees,1363-1780 ,Unknown,01/11/1994,,,,,,tandt,,full text,,Oxford University Press ,,Oxford Journals,host,http://tandt.oxfordjournals.org ,Highwire,administrative,,Oxford Journals,administrative,
Twentieth Century British History,0955-2359 ,1477-4674 ,01/01/1990,,,,,,tcbh,,full text,,Oxford University Press ,,Oxford Journals,host,http://tcbh.oxfordjournals.org ,Highwire,administrative,,Oxford Journals,administrative,
Review of Corporate Finance Studies ,2046-9128,2046-9136,01/01/2012,,,,,,,,full text,,Oxford University Press ,,Oxford Journals,host,http://rcfs.oxfordjournals.org/,Highwire,administrative,,Oxford Journals,administrative,
