SO Name,NESLI2 Project muse 2012-2013,,,,,,,,,,,,,,,,,,,
SO Identifier,project muse_standard collection_2012-2013_Nesli2,,,,,,,,,,,,,,,,,,,
Provider,PROJECT MUSE,,,,,,,,,,,,,,,,,,,
Package Identifier,Standard collection,,,,,,,,,,,,,,,,,,,
Package Name,Standard collection,,,,,,,,,,,,,,,,,,,
Agreement Term Start Year,2012,,,,,,,,,,,,,,,,,,,
Agreement Term End Year,2013,,,,,,,,,,,,,,,,,,,
Consortium,NESLI2,,,,,,,,,,,,,,,,,,,
Number of Proprietary_ID columns,0,,,,,,,,,,,,,,,,,,,
Number of Platforms listed,2,,,,,,,,,,,,,,,,,,,
publication_title,print_identifier,online_identifier,date_first_issue_online,num_first_vol_online,num_first_issue_online,date_last_issue_online,num_last_vol_online,num_last_issue_online,title_id,embargo_info,coverage_depth,coverage_notes,publisher_name,DOI,platform_name,platform_role,platform_title_url,platform_name,platform_role,platform_title_url
Advertising & Society Review,,1534-7311,2000,1,1,,,,,,,,Advertising Educational Foundation,,Project muse,host,http://muse.jhu.edu/journals/advertising_and_society_review,Project muse,administrative,
Africa: The Journal of the International African Institute,0001-9720,1750-0184,2006,76,1,,,,,,,,Cambridge University Press,,Project muse,host,http://muse.jhu.edu/journals/africa_the_journal_of_the_international_african_institute,Project muse,administrative,
Africa Today,0001-9887,1527-1978,1999,46,1,,,,,,,,Indiana University Press,,Project muse,host,http://muse.jhu.edu/journals/africa_today,Project muse,administrative,
African American Review,1062-4783,1945-6182,2009,43,1,,,,,,,,Saint Louis University,,Project muse,host,http://muse.jhu.edu/journals/african_american_review,Project muse,administrative,
African Studies Review,0002-0206,1555-2462,2005,48,1,,,,,,,,African Studies Association,,Project muse,host,http://muse.jhu.edu/journals/african_studies_review,Project muse,administrative,
Aleph: Historical Studies in Science and Judaism,1565-1525,1565-5423,2001,1,,,,,,,,,Indiana University Press,,Project muse,host,http://muse.jhu.edu/journals/aleph_historical_studies_in_science_and_judaism,Project muse,administrative,
American Annals of the Deaf,0002-726X,1543-0375,2003,148,1,,,,,,,,Gallaudet University Press,,Project muse,host,http://muse.jhu.edu/journals/american_annals_of_the_deaf,Project muse,administrative,
American Imago,0065-860X,1085-7931,1995,52,1,,,,,,,,The Johns Hopkins University Press,,Project muse,host,http://muse.jhu.edu/journals/american_imago,Project muse,administrative,
The American Indian Quarterly,0095-182X,1534-1828,2000,24,3,,,,,,,,University of Nebraska Press,,Project muse,host,http://muse.jhu.edu/journals/american_indian_quarterly,Project muse,administrative,
American Jewish History,0164-0178,1086-3141,1996,84,1,,,,,,,,The Johns Hopkins University Press,,Project muse,host,http://muse.jhu.edu/journals/american_jewish_history,Project muse,administrative,
The American Journal of Bioethics,1526-5161,1536-0075,2001,1,1,2004,,,,,,,The MIT Press,,Project muse,host,http://muse.jhu.edu/journals/american_journal_of_bioethics,Project muse,administrative,
American Journal of Mathematics,0002-9327,1080-6377,1996,118,1,,,,,,,,The Johns Hopkins University Press,,Project muse,host,http://muse.jhu.edu/journals/american_journal_of_mathematics,Project muse,administrative,
American Journal of Philology,0002-9475,1086-3168,1996,117,1,,,,,,,,The Johns Hopkins University Press,,Project muse,host,http://muse.jhu.edu/journals/american_journal_of_philology,Project muse,administrative,
American Literary History,0896-7148,1468-4365,2000,12,1,,,,,,,,Oxford University Press,,Project muse,host,http://muse.jhu.edu/journals/american_literary_history,Project muse,administrative,
American Literary Realism,1540-3084,1940-5103,2007,40,1,,,,,,,,University of Illinois Press,,Project muse,host,http://muse.jhu.edu/journals/american_literary_realism,Project muse,administrative,
American Literary Scholarship,0065-9142,1527-2125,1998,,,,,,,,,,Duke University Press,,Project muse,host,http://muse.jhu.edu/journals/american_literary_scholarship,Project muse,administrative,
American Literature,0002-9831,1527-2117,1999,71,3,2004,,,,,,,Duke University Press,,Project muse,host,http://muse.jhu.edu/journals/american_literature,Project muse,administrative,
American Music,0734-4392,1945-2349,2009,27,1,,,,,,,,University of Illinois Press,,Project muse,host,http://muse.jhu.edu/journals/american_music,Project muse,administrative,
"American Periodicals: A Journal of History, Criticism, and Bibliography",1054-7479,1548-4238,2003,13,,,,,,,,,The Ohio State University Press,,Project muse,host,http://muse.jhu.edu/journals/american_periodicals,Project muse,administrative,
American Quarterly,0003-0678,1080-6490,1996,48,1,,,,,,,,The Johns Hopkins University Press,,Project muse,host,http://muse.jhu.edu/journals/american_quarterly,Project muse,administrative,
American Speech,0003-1283,1527-2133,2000,75,1,1999,,,,,,,Duke University Press,,Project muse,host,http://muse.jhu.edu/journals/american_speech,Project muse,administrative,
American Studies,0026-3079,2153-6856,2007,48,1,,,,,,,,Mid-American Studies Association,,Project muse,host,http://muse.jhu.edu/journals/american_studies,Project muse,administrative,
The Americas,0003-1615,1533-6247,2000,57,2,,,,,,,,The Academy of American Franciscan History,,Project muse,host,http://muse.jhu.edu/journals/the_americas,Project muse,administrative,
Anthropological Linguistics,0003-5483,1944-6527,2009,51,,,,,,,,,University of Nebraska Press,,Project muse,host,http://muse.jhu.edu/journals/anthropological_linguistics,Project muse,administrative,
Anthropological Quarterly,0003-5491,1534-1518,2000,73,3,,,,,,,,George Washington University Institute for Ethnographic Research,,Project muse,host,http://muse.jhu.edu/journals/anthropological_quarterly,Project muse,administrative,
Archives of Asian Art,0066-6637,1944-6497,2008,58,,,,,,,,,University of Hawai'i Press,,Project muse,host,http://muse.jhu.edu/journals/archives_of_asian_art,Project muse,administrative,
Arethusa,0004-0975,1080-6504,1996,29,1,,,,,,,,The Johns Hopkins University Press,,Project muse,host,http://muse.jhu.edu/journals/arethusa,Project muse,administrative,
"Arizona Quarterly: A Journal of American Literature, Culture, and Theory",0004-1610,1558-9595,,62,1,,,,,,,,University of Arizona,,Project muse,host,http://muse.jhu.edu/journals/arizona_quarterly_a_journal_of_american_literature_culture_and_theory,Project muse,administrative,
Asian Music,0044-9202,1553-5630,2005,36,1,,,,,,,,University of Texas Press,,Project muse,host,http://muse.jhu.edu/journals/asian_music,Project muse,administrative,
Asian Perspectives,0066-8435,1535-8283,2000,39,1,,,,,,,,University of Hawai'i Press,,Project muse,host,http://muse.jhu.edu/journals/asian_perspectives,Project muse,administrative,
Asian Theatre Journal,0742-5457,1527-2109,1999,16,2,,,,,,,,University of Hawai'i Press,,Project muse,host,http://muse.jhu.edu/journals/asian_theatre_journal,Project muse,administrative,
Biography,0162-4962,1529-1456,1978,1,1,,,,,,,,University of Hawai'i Press,,Project muse,host,http://muse.jhu.edu/journals/biography,Project muse,administrative,
Black Music Research Journal,0276-3605,1946-1615,2010,30,1,,,,,,,,University of Illinois Press,,Project muse,host,http://muse.jhu.edu/journals/black_music_research_journal,Project muse,administrative,
Book History,1098-7371,1529-1499,1998,1,,,,,,,,,The Johns Hopkins University Press,,Project muse,host,http://muse.jhu.edu/journals/book_history,Project muse,administrative,
boundary 2,0190-3659,1527-2141,1999,26,3,2004,,,,,,,Duke University Press,,Project muse,host,http://muse.jhu.edu/journals/boundary,Project muse,administrative,
Brookings Papers on Economic Activity,0007-2303,1533-4465,2000,,1,,,,,,,,Brookings Institution Press,,Project muse,host,http://muse.jhu.edu/journals/brookings_papers_on_economic_activity,Project muse,administrative,
Brookings Papers on Education Policy,1096-2719,1533-4457,2000,,,,,,,,,,Brookings Institution Press,,Project muse,host,http://muse.jhu.edu/journals/brookings_papers_on_education_policy,Project muse,administrative,
Brookings Trade Forum,1520-5479,1534-0635,2000,,,2008,,,,,,,Brookings Institution Press,,Project muse,host,http://muse.jhu.edu/journals/brookings_trade_forum,Project muse,administrative,
Brookings-Wharton Papers on Financial Services,1098-3651,1533-4430,2000,,,,,,,,,,Brookings Institution Press,,Project muse,host,http://muse.jhu.edu/journals/brookings-wharton_papers_on_financial_services,Project muse,administrative,
Brookings-Wharton Papers on Urban Affairs,1528-7084,1533-4449,2000,,,,,,,,,,Brookings Institution Press,,Project muse,host,http://muse.jhu.edu/journals/brookings-wharton_papers_on_urban_affairs,Project muse,administrative,
Buddhist-Christian Studies,0882-0945,1527-9472,1999,19,,,,,,,,,University of Hawai'i Press,,Project muse,host,http://muse.jhu.edu/journals/buddhist-christian_studies,Project muse,administrative,
Bulletin of the History of Medicine,0007-5140,1086-3176,1996,70,1,,,,,,,,The Johns Hopkins University Press,,Project muse,host,http://muse.jhu.edu/journals/bulletin_of_the_history_of_medicine,Project muse,administrative,
Callaloo,0161-2492,1080-6512,1995,18,1,,,,,,,,The Johns Hopkins University Press,,Project muse,host,http://muse.jhu.edu/journals/callaloo,Project muse,administrative,
Camera Obscura,0270-5346,1529-1510,2000,15,1,2004,,,,,,,Duke University Press,,Project muse,host,http://muse.jhu.edu/journals/camera_obscura,Project muse,administrative,
The Canadian Historical Review,0008-3755,1710-1093,2004,85,1,,,,,,,,University of Toronto Press,,Project muse,host,http://muse.jhu.edu/journals/canadian_historical_review,Project muse,administrative,
Canadian Journal of Criminology and Criminal Justice,1707-7753,1911-0219,,48,1,,,,,,,,University of Toronto Press,,Project muse,host,http://muse.jhu.edu/journals/canadian_journal_of_criminology_and_criminal_justice,Project muse,administrative,
The Canadian Journal of Linguistics / La revue canadienne de linguistique,0008-4131,1710-1115,2003,48,1,,,,,,,,University of Toronto Press,,Project muse,host,http://muse.jhu.edu/journals/canadian_journal_of_linguistics,Project muse,administrative,
Canadian Journal of Philosophy,0045-5091,1911-0820,2006,36,1,,,,,,,,Canadian Journal of Philosophy,,Project muse,host,http://muse.jhu.edu/journals/canadian_journal_of_philosophy,Project muse,administrative,
The Canadian Journal of Sociology,0318-6431,1710-1123,2004,29,1,2007,,,,,,,University of Toronto Press,,Project muse,host,http://muse.jhu.edu/journals/canadian_journal_of_sociology,Project muse,administrative,
Canadian Journal on Aging / La Revue canadienne du vieillissement,0714-9808,1710-1107,2004,23,1,,,,,,,,Cambridge University Press,,Project muse,host,http://muse.jhu.edu/journals/canadian_journal_on_aging,Project muse,administrative,
The Canadian Modern Language Review / La revue canadienne des langues vivantes,0008-4506,1710-1131,2004,61,1,,,,,,,,University of Toronto Press,,Project muse,host,http://muse.jhu.edu/journals/canadian_modern_language_review,Project muse,administrative,
Canadian Public Policy,0317-0861,1911-9917,2009,35,1,,,,,,,,University of Toronto Press,,Project muse,host,http://muse.jhu.edu/journals/canadian_public_policy,Project muse,administrative,
Canadian Review of American Studies,0007-7720,1710-114X,2004,34,1,,,,,,,,University of Toronto Press,,Project muse,host,http://muse.jhu.edu/journals/canadian_review_of_american_studies,Project muse,administrative,
The Catholic Historical Review,0008-8080,1534-0708,2000,86,3,,,,,,,,The Catholic University of America Press,,Project muse,host,http://muse.jhu.edu/journals/catholic_historical_review,Project muse,administrative,
The Chaucer Review,0009-2002,1528-4204,2000,34,3,,,,,,,,Penn State University Press,,Project muse,host,http://muse.jhu.edu/journals/chaucer_review,Project muse,administrative,
Children's Literature,0092-8208,1543-3374,1972,1,,,,,,,,,The Johns Hopkins University Press,,Project muse,host,http://muse.jhu.edu/journals/childrens_literature,Project muse,administrative,
Children's Literature Association Quarterly,0885-0429,1553-1201,1976,1,1,,,,,,,,The Johns Hopkins University Press,,Project muse,host,http://muse.jhu.edu/journals/childrens_literature_association_quarterly,Project muse,administrative,
China: An International Journal,0219-7472,0219-8614,2003,1,1,,,,,,,,NUS Press Pte Ltd,,Project muse,host,http://muse.jhu.edu/journals/china,Project muse,administrative,
China Review International,1069-5834,1527-9367,1994,1,1,,,,,,,,University of Hawai'i Press,,Project muse,host,http://muse.jhu.edu/journals/china_review_international,Project muse,administrative,
Cinema Journal,0009-7101,1527-2087,1999,39,1,,,,,,,,University of Texas Press,,Project muse,host,http://muse.jhu.edu/journals/cinema_journal,Project muse,administrative,
Civil War History,0009-8078,1533-6271,1978,24,1,,,,,,,,The Kent State University Press,,Project muse,host,http://muse.jhu.edu/journals/civil_war_history,Project muse,administrative,
Classical World,0009-8418,1558-9234,2005,99,1,,,,,,,,Classical Association of the Atlantic States,,Project muse,host,http://muse.jhu.edu/journals/classical_world,Project muse,administrative,
College Literature,0093-3139,1542-4286,2003,30,1,,,,,,,,West Chester University,,Project muse,host,http://muse.jhu.edu/journals/college_literature,Project muse,administrative,
Common Knowledge,0961-754X,1538-4578,2002,8,1,,,,,,,,Duke University Press,,Project muse,host,http://muse.jhu.edu/journals/common_knowledge,Project muse,administrative,
Comparative Drama,0010-4078,1936-1637,2000,34,1,,,,,,,,Western Michigan University,,Project muse,host,http://muse.jhu.edu/journals/comparative_drama,Project muse,administrative,
Comparative Literature Studies,0010-4132,1528-4212,2000,37,1,1999,,,,,,,Penn State University Press,,Project muse,host,http://muse.jhu.edu/journals/comparative_literature_studies,Project muse,administrative,
"Comparative Studies of South Asia, Africa and the Middle East",1089-201X,1548-226X,2000,20,1,,,,,,,,Duke University Press,,Project muse,host,http://muse.jhu.edu/journals/comparative_studies_of_south_asia_africa_and_the_middle_east,Project muse,administrative,
Comparative Technology Transfer and Society,1542-0132,1543-3404,2003,1,1,2009,,,,,,,The Johns Hopkins University Press,,Project muse,host,http://muse.jhu.edu/journals/comparative_technology_transfer_and_society,Project muse,administrative,
Computer Music Journal,0148-9267,1531-5169,2001,25,1,,,,,,,,The MIT Press,,Project muse,host,http://muse.jhu.edu/journals/computer_music_journal,Project muse,administrative,
Configurations,1063-1801,1080-6520,1993,1,1,,,,,,,,The Johns Hopkins University Press,,Project muse,host,http://muse.jhu.edu/journals/configurations,Project muse,administrative,
Contemporary Literature,0010-7484,1548-9949,2004,45,1,,,,,,,,University of Wisconsin Press,,Project muse,host,http://muse.jhu.edu/journals/contemporary_literature,Project muse,administrative,
The Contemporary Pacific,1043-898X,1527-9464,2000,12,1,,,,,,,,University of Hawai'i Press,,Project muse,host,http://muse.jhu.edu/journals/contemporary_pacific,Project muse,administrative,
Contemporary Southeast Asia: A Journal of International and Strategic Affairs,0129-797X,1793-284X,2003,25,1,,,,,,,,Institute of Southeast Asian Studies,,Project muse,host,http://muse.jhu.edu/journals/contemporary_southeast_asia_a_journal_of_international_and_strategic_affairs,Project muse,administrative,
CR: The New Centennial Review,1532-687x,1539-6630,2001,1,1,,,,,,,,Michigan State University Press,,Project muse,host,http://muse.jhu.edu/journals/new_centennial_review,Project muse,administrative,
Criticism,0011-1589,1536-0342,2001,43,1,,,,,,,,Wayne State University Press,,Project muse,host,http://muse.jhu.edu/journals/criticism,Project muse,administrative,
Cuban Studies,0361-4441,1548-2464,2003,34,,,,,,,,,University of Pittsburgh Press,,Project muse,host,http://muse.jhu.edu/journals/cuban_studies,Project muse,administrative,
Cultural Critique,0882-4371,1534-5203,2001,47,,,,,,,,,University of Minnesota Press,,Project muse,host,http://muse.jhu.edu/journals/cultural_critique,Project muse,administrative,
Dance Research Journal,0149-7677,1940-509X,2008,40,1,,,,,,,,Cambridge University Press,,Project muse,host,http://muse.jhu.edu/journals/dance_research_journal,Project muse,administrative,
Demography,0070-3370,1533-7790,2000,37,4,2010,,,,,,,Population Association of America,,Project muse,host,http://muse.jhu.edu/journals/demography,Project muse,administrative,
diacritics,0300-7162,1080-6539,1996,26,1,,,,,,,,The Johns Hopkins University Press,,Project muse,host,http://muse.jhu.edu/journals/diacritics,Project muse,administrative,
differences: A Journal of Feminist Cultural Studies,1040-7391,1527-1986,1998,10,3,2004,,,,,,,Duke University Press,,Project muse,host,http://muse.jhu.edu/journals/differences,Project muse,administrative,
Discourse,1522-5321,1536-1810,2000,22,3,,,,,,,,Wayne State University Press,,Project muse,host,http://muse.jhu.edu/journals/discourse,Project muse,administrative,
Dissent,0012-3846,1946-0910,2005,52,1,,,,,,,,University of Pennsylvania Press,,Project muse,host,http://muse.jhu.edu/journals/dissent,Project muse,administrative,
e-Service Journal,1528-8226,1528-8234,2001,1,1,,,,,,,,Indiana University Press,,Project muse,host,http://muse.jhu.edu/journals/eservice_journal,Project muse,administrative,
Early American Literature,0012-8163,1534-147X,2000,35,3,,,,,,,,The University of North Carolina Press,,Project muse,host,http://muse.jhu.edu/journals/early_american_literature,Project muse,administrative,
Early American Studies: An Interdisciplinary Journal,1543-4273,1559-0895,,1,1,,,,,,,,University of Pennsylvania Press,,Project muse,host,http://muse.jhu.edu/journals/early_american_studies_an_interdisciplinary_journal,Project muse,administrative,
Early Music,0306-1078,1741-7260,2004,32, ,2007,,,,,,,Oxford University Press,,Project muse,host,http://muse.jhu.edu/journals/early_music,Project muse,administrative,
Eastern Africa Social Science Research Review,1027-1775,1684-4173,2002,18,1,,,,,,,,Organization for Social Science Research in Eastern and Southern Africa,,Project muse,host,http://muse.jhu.edu/journals/eastern_africa_social_science_research_review,Project muse,administrative,
Economía,1529-7470,1533-6239,2000,1,1,,,,,,,,Brookings Institution Press,,Project muse,host,http://muse.jhu.edu/journals/economia,Project muse,administrative,
The Eighteenth Century,0193-5380,1935-0201,2006,47,1,,,,,,,,University of Pennsylvania Press,,Project muse,host,http://muse.jhu.edu/journals/the_eighteenth_century,Project muse,administrative,
Eighteenth-Century Fiction,0840-6286,1911-0243,1988,1,1,,,,,,,,University of Toronto Press,,Project muse,host,http://muse.jhu.edu/journals/eighteenth_century_fiction,Project muse,administrative,
Eighteenth-Century Life,0098-2601,1086-3192,1996,20,1,,,,,,,,Duke University Press,,Project muse,host,http://muse.jhu.edu/journals/eighteenth-century_life,Project muse,administrative,
Eighteenth-Century Studies,0013-2586,1086-315X,1995,29,1,,,,,,,,The Johns Hopkins University Press,,Project muse,host,http://muse.jhu.edu/journals/eighteenth-century_studies,Project muse,administrative,
Éire-Ireland,0013-2683,1550-5162,2004,39,1,,,,,,,,Irish-American Cultural Institute,,Project muse,host,http://muse.jhu.edu/journals/eire-ireland,Project muse,administrative,
ELH,0013-8304,1080-6547,1993,60,4,,,,,,,,The Johns Hopkins University Press,,Project muse,host,http://muse.jhu.edu/journals/elh,Project muse,administrative,
The Emily Dickinson Journal,1059-6879,1096-858X,1992,1,1,,,,,,,,The Johns Hopkins University Press,,Project muse,host,http://muse.jhu.edu/journals/emily_dickinson_journal,Project muse,administrative,
"English Literature in Transition, 1880-1920",0013-8339,1559-2715,1957,1,1,,,,,,,,ELT Press,,Project muse,host,http://muse.jhu.edu/journals/english_literature_in_transition,Project muse,administrative,
Enterprise & Society,1467-2227,1467-2235,2003,4,1,,,,,,,,Oxford University Press,,Project muse,host,http://muse.jhu.edu/journals/enterprise_and_society,Project muse,administrative,
L'Esprit Créateur,0014-0767,1931-0234,1996,36,1,,,,,,,,The Johns Hopkins University Press,,Project muse,host,http://muse.jhu.edu/journals/lesprit_createur,Project muse,administrative,
ESQ: A Journal of the American Renaissance,0093-8297,1935-021X,2003,49,1,,,,,,,,Washington State University,,Project muse,host,http://muse.jhu.edu/journals/esq,Project muse,administrative,
Essays in Criticism,0014-0856,1471-6852,2006,56,1,2007,,,,,,,Oxford University Press,,Project muse,host,http://muse.jhu.edu/journals/essays_in_criticism,Project muse,administrative,
Essays in Medieval Studies,1043-2213,1538-4608,2001,18,,,,,,,,,West Virginia University Press,,Project muse,host,http://muse.jhu.edu/journals/essays_in_medieval_studies,Project muse,administrative,
Ethics & the Environment,1085-6633,1535-5306,1999,4,1,,,,,,,,Indiana University Press,,Project muse,host,http://muse.jhu.edu/journals/ethics_and_the_environment,Project muse,administrative,
Ethnohistory,0014-1801,1527-5477,1999,46,4,2004,,,,,,,Duke University Press,,Project muse,host,http://muse.jhu.edu/journals/ethnohistory,Project muse,administrative,
Feminist Formations,2151-7363,2151-7371,1999,11,2,,,,,,,,The Johns Hopkins University Press,,Project muse,host,http://muse.jhu.edu/journals/feminist_formations,Project muse,administrative,
Film & History: An Interdisciplinary Journal of Film and Television Studies,0360-3695,1548-9922,2004,35,1,,,,,,,,Center for the Study of Film and History,,Project muse,host,http://muse.jhu.edu/journals/film_and_history,Project muse,administrative,
Film History: An International Journal,0892-2160,1553-3905,2005,17,1,,,,,,,,Indiana University Press,,Project muse,host,http://muse.jhu.edu/journals/film_history,Project muse,administrative,
Fourth Genre: Explorations in Nonfiction,1522-3868,1544-1733,1999,1,1,,,,,,,,Michigan State University Press,,Project muse,host,http://muse.jhu.edu/journals/fourth_genre_explorations_in_nonfiction,Project muse,administrative,
Francophonies d'Amérique,1183-2487,1710-1158,,17,4,2004,,,,,,,University of Toronto Press,,Project muse,host,http://muse.jhu.edu/journals/francophonies_damerique,Project muse,administrative,
French Colonial History,1539-3402,1543-7787,2002,1,,,,,,,,,Michigan State University Press,,Project muse,host,http://muse.jhu.edu/journals/french_colonial_history,Project muse,administrative,
French Forum,0098-9355,1534-1836,2001,26,1,,,,,,,,University of Nebraska Press,,Project muse,host,http://muse.jhu.edu/journals/french_forum,Project muse,administrative,
French Historical Studies,0016-1071,1527-5493,1999,22,4,2004,,,,,,,Duke University Press,,Project muse,host,http://muse.jhu.edu/journals/french_historical_studies,Project muse,administrative,
French Studies: A Quarterly Review,0016-1128,1468-2931,2006,60,3,,,,,,,,Oxford University Press,,Project muse,host,http://muse.jhu.edu/journals/french_studies_a_quarterly_review,Project muse,administrative,
Frontiers: A Journal of Women Studies,0160-9009,1536-0334,2001,22,1,,,,,,,,University of Nebraska Press,,Project muse,host,http://muse.jhu.edu/journals/frontiers,Project muse,administrative,
The Future of Children,1054-8289,1550-1558,2005,15,1,,,,,,,,Princeton University,,Project muse,host,http://muse.jhu.edu/journals/future_of_children,Project muse,administrative,
Geographical Analysis,0016-7363,1538-4632,2002,34,1,2004,,,,,,,The Ohio State University Press,,Project muse,host,http://muse.jhu.edu/journals/geographical_analysis,Project muse,administrative,
Global Environmental Politics,1526-3800,1536-0091,2003,3,1,,,,,,,,The MIT Press,,Project muse,host,http://muse.jhu.edu/journals/global_environmental_politics,Project muse,administrative,
GLQ: A Journal of Lesbian and Gay Studies,1064-2684,1527-9375,2000,6,1,1999,,,,,,,Duke University Press,,Project muse,host,http://muse.jhu.edu/journals/journal_of_lesbian_and_gay_studies,Project muse,administrative,
The Good Society,1089-0017,1538-9731,2002,11,1,,,,,,,,Penn State University Press,,Project muse,host,http://muse.jhu.edu/journals/good_society,Project muse,administrative,
The Harvard International Journal of Press/Politics,1081-180X,1531-328x,1999,4,3,2000,,,,,,,The MIT Press,,Project muse,host,http://muse.jhu.edu/journals/harvard_international_journal_of_press_politics,Project muse,administrative,
Harvard Journal of Asiatic Studies,0073-0548,1944-6454,2009,69,1,,,,,,,,Harvard-Yenching Institute,,Project muse,host,http://muse.jhu.edu/journals/harvard_journal_of_asiatic_studies,Project muse,administrative,
Hastings Center Report,0093-0334,1552-146X,,35,1,2011,,,,,,,The Hastings Center,,Project muse,host,http://muse.jhu.edu/journals/hastings_center_report,Project muse,administrative,
Helios,0160-0923,1935-0228,2007,34,1,,,,,,,,Texas Tech University Press,,Project muse,host,http://muse.jhu.edu/journals/helios,Project muse,administrative,
The Hemingway Review,0276-3362,1548-4815,2000,20,1,,,,,,,,University of Idaho Department of English,,Project muse,host,http://muse.jhu.edu/journals/hemingway_review,Project muse,administrative,
The Henry James Review,0273-0340,1080-6555,1979,1,1,,,,,,,,The Johns Hopkins University Press,,Project muse,host,http://muse.jhu.edu/journals/henry_james_review,Project muse,administrative,
Hesperia,0018-098X,1553-5622,2005,74,1,,,,,,,,American School of Classical Studies at Athens,,Project muse,host,http://muse.jhu.edu/journals/hesperia,Project muse,administrative,
The High School Journal,0018-1498,1534-5157,2001,84,3,,,,,,,,The University of North Carolina Press,,Project muse,host,http://muse.jhu.edu/journals/high_school_journal,Project muse,administrative,
Hispania,0018-2133,2153-6414,2010,93,1,,,,,,,,The Johns Hopkins University Press,,Project muse,host,http://muse.jhu.edu/journals/hispania,Project muse,administrative,
Hispanic American Historical Review,0018-2168,1527-1900,2000,80,1,2004,,,,,,,Duke University Press,,Project muse,host,http://muse.jhu.edu/journals/hispanic_american_historical_review,Project muse,administrative,
Hispanic Review,0018-2176,1553-0639,2005,73,1,,,,,,,,University of Pennsylvania Press,,Project muse,host,http://muse.jhu.edu/journals/hispanic_review,Project muse,administrative,
History & Memory,0935-560X,1527-1994,1998,10,1,,,,,,,,Indiana University Press,,Project muse,host,http://muse.jhu.edu/journals/history_and_memory,Project muse,administrative,
History in Africa,0361-5413,1558-2744,2005,32,,,,,,,,,African Studies Association,,Project muse,host,http://muse.jhu.edu/journals/history_in_africa,Project muse,administrative,
History of Political Economy,0018-2702,1527-1919,2000,32,1,2004,,,,,,,Duke University Press,,Project muse,host,http://muse.jhu.edu/journals/history_of_political_economy,Project muse,administrative,
History Workshop Journal,1363-3554,1477-4569,2004,57,,,,,,,,,Oxford University Press,,Project muse,host,http://muse.jhu.edu/journals/history_workshop_journal,Project muse,administrative,
Holocaust and Genocide Studies,8756-6583,1476-7937,2003,17,1,,,,,,,,Oxford University Press,,Project muse,host,http://muse.jhu.edu/journals/holocaust_and_genocide_studies,Project muse,administrative,
Hopscotch: A Cultural Review,1098-6995,1527-800x,2000,2,1,1999,,,,,,,Duke University Press,,Project muse,host,http://muse.jhu.edu/journals/hopscotch,Project muse,administrative,
Human Biology,0018-7143,1534-6617,2001,73,1,,,,,,,,Wayne State University Press,,Project muse,host,http://muse.jhu.edu/journals/human_biology,Project muse,administrative,
Human Rights Quarterly,0275-0392,1085-794X,1995,17,1,,,,,,,,The Johns Hopkins University Press,,Project muse,host,http://muse.jhu.edu/journals/human_rights_quarterly,Project muse,administrative,
Hypatia,0887-5367,1527-2001,1999,14,1,2008,,,,,,,Indiana University Press,,Project muse,host,http://muse.jhu.edu/journals/hypatia,Project muse,administrative,
Imagine,1071-605x,1086-3230,1996,4,1,1999,,,,,,,The Johns Hopkins University Center for Talented Youth,,Project muse,host,http://muse.jhu.edu/journals/imagine,Project muse,administrative,
Indiana Journal of Global Legal Studies,1080-0727,1543-0367,2003,10,1,,,,,,,,Indiana University Press,,Project muse,host,http://muse.jhu.edu/journals/indiana_journal_of_global_legal_studies,Project muse,administrative,
International Organization,0020-8183,1531-5088,2002,56,1,,,,,,,,The MIT Press,,Project muse,host,http://muse.jhu.edu/journals/international_organization,Project muse,administrative,
International Security,0162-2889,1531-4804,1976,1,1,,,,,,,,The MIT Press,,Project muse,host,http://muse.jhu.edu/journals/international_security,Project muse,administrative,
Israel Studies,1084-9513,1527-201x,1996,1,1,,,,,,,,Indiana University Press,,Project muse,host,http://muse.jhu.edu/journals/israel_studies,Project muse,administrative,
James Joyce Quarterly,0021-4183,1938-6036,2006,44,1,,,,,,,,The University of Tulsa,,Project muse,host,http://muse.jhu.edu/journals/james_joyce_quarterly,Project muse,administrative,
"JEGP, Journal of English and Germanic Philology",0363-6941,1945-662X,2009,108,1,,,,,,,,University of Illinois Press,,Project muse,host,http://muse.jhu.edu/journals/journal_of_english_and_germanic_philology,Project muse,administrative,
Jewish Quarterly Review,0021-6682,1553-0604,2001,92,1,,,,,,,,University of Pennsylvania Press,,Project muse,host,http://muse.jhu.edu/journals/jewish_quarterly_review,Project muse,administrative,
Jewish Social Studies,0021-6704,1527-2028,1999,5,3,,,,,,,,Indiana University Press,,Project muse,host,http://muse.jhu.edu/journals/jewish_social_studies,Project muse,administrative,
Journal for Early Modern Cultural Studies,1531-0485,1553-3786,2004,4,2,,,,,,,,University of Pennsylvania Press,,Project muse,host,http://muse.jhu.edu/journals/journal_for_early_modern_cultural_studies,Project muse,administrative,
Journal for the Psychoanalysis of Culture and Society,1088-0763,1543-3390,2003,8,1,,,,,,,,The Ohio State University Press,,Project muse,host,http://muse.jhu.edu/journals/journal_for_the_psychoanalysis_of_culture_and_society,Project muse,administrative,
The Journal of Aesthetic Education,0021-8510,1543-7809,2003,37,1,,,,,,,,University of Illinois Press,,Project muse,host,http://muse.jhu.edu/journals/the_journal_of_aesthetic_education,Project muse,administrative,
Journal of American Folklore,0021-8715,1535-1882,2001,114,4,,,,,,,,American Folklore Society,,Project muse,host,http://muse.jhu.edu/journals/journal_of_american_folklore,Project muse,administrative,
Journal of Asian American Studies,1097-2129,1096-8598,1998,1,1,,,,,,,,The Johns Hopkins University Press,,Project muse,host,http://muse.jhu.edu/journals/journal_of_asian_american_studies,Project muse,administrative,
Journal of Canadian Studies/Revue d'études canadiennes,0021-9495,1911-0251,,39,1,,,,,,,,University of Toronto Press,,Project muse,host,http://muse.jhu.edu/journals/journal_of_canadian_studies,Project muse,administrative,
Journal of Cold War Studies,1520-3972,1531-3298,1999,1,1,,,,,,,,The MIT Press,,Project muse,host,http://muse.jhu.edu/journals/journal_of_cold_war_studies,Project muse,administrative,
Journal of College Student Development,0897-5264,1543-3382,2003,44,1,,,,,,,,The Johns Hopkins University Press,,Project muse,host,http://muse.jhu.edu/journals/journal_of_college_student_development,Project muse,administrative,
Journal of Colonialism and Colonial History,,1532-5768,2000,1,1,,,,,,,,The Johns Hopkins University Press,,Project muse,host,http://muse.jhu.edu/journals/journal_of_colonialism_and_colonial_history,Project muse,administrative,
Journal of Democracy,1045-5736,1086-3214,1990,1,1,,,,,,,,The Johns Hopkins University Press,,Project muse,host,http://muse.jhu.edu/journals/journal_of_democracy,Project muse,administrative,
The Journal of Developing Areas,0022-037X,1548-2278,2003,37,1,,,,,,,,Tennessee State University College of Business,,Project muse,host,http://muse.jhu.edu/journals/journal_of_developing_areas,Project muse,administrative,
Journal of Early Christian Studies,1067-6341,1086-3184,1993,1,1,,,,,,,,The Johns Hopkins University Press,,Project muse,host,http://muse.jhu.edu/journals/journal_of_early_christian_studies,Project muse,administrative,
Journal of Feminist Studies in Religion,8755-4178,1553-3913,,21,1,,,,,,,,Indiana University Press,,Project muse,host,http://muse.jhu.edu/journals/journal_of_feminist_studies_in_religion,Project muse,administrative,
Journal of Film and Video,0742-4671,1934-6018,2008,60,1,,,,,,,,University of Illinois Press,,Project muse,host,http://muse.jhu.edu/journals/journal_of_film_and_video,Project muse,administrative,
Journal of Folklore Research,0737-7037,1543-0413,2003,40,1,,,,,,,,Indiana University Press,,Project muse,host,http://muse.jhu.edu/journals/journal_of_folklore_research,Project muse,administrative,
The Journal of General Education,0021-3667,1527-2060,2000,49,1,1999,,,,,,,Penn State University Press,,Project muse,host,http://muse.jhu.edu/journals/journal_of_general_education,Project muse,administrative,
Journal of Health Care for the Poor and Underserved,1049-2089,1548-6869,1990,1,1,,,,,,,,The Johns Hopkins University Press,,Project muse,host,http://muse.jhu.edu/journals/journal_of_health_care_for_the_poor_and_underserved,Project muse,administrative,
"Journal of Health Politics, Policy and Law",0361-6878,1527-1927,2000,25,1,,,,,,,,Duke University Press,,Project muse,host,http://muse.jhu.edu/journals/journal_of_health_politics_policy_and_law,Project muse,administrative,
The Journal of Higher Education,0022-1546,1538-4640,2002,73,1,,,,,,,,The Ohio State University Press,,Project muse,host,http://muse.jhu.edu/journals/journal_of_higher_education,Project muse,administrative,
Journal of Human Resources,0022-166X,1548-8004,2012,47,1,,,,,,,,University of Wisconsin Press,,Project muse,host,http://muse.jhu.edu/journals/journal_of_human_resources,Project muse,administrative,
Journal of Interdisciplinary History,0022-1953,1530-9169,1999,30,1,,,,,,,,The MIT Press,,Project muse,host,http://muse.jhu.edu/journals/journal_of_interdisciplinary_history,Project muse,administrative,
The Journal of Japanese Studies,0095-6848,1549-4721,2004,30,1,,,,,,,,Society for Japanese Studies,,Project muse,host,http://muse.jhu.edu/journals/journal_of_japanese_studies,Project muse,administrative,
Journal of Latin American Geography,1545-2476,1548-5811,2002,1,1,,,,,,,,Conference of Latin Americanist Geographers,,Project muse,host,http://muse.jhu.edu/journals/journal_of_latin_american_geography,Project muse,administrative,
Journal of Medieval and Early Modern Studies,1082-9636,1527-8263,2000,30,1,2004,,,,,,,Duke University Press,,Project muse,host,http://muse.jhu.edu/journals/journal_of_medieval_and_early_modern_studies,Project muse,administrative,
Journal of Middle East Women's Studies,1552-5864,1558-9579,2005,1,1,,,,,,,,Indiana University Press,,Project muse,host,http://muse.jhu.edu/journals/journal_of_middle_east_womens_studies,Project muse,administrative,
The Journal of Military History,0899-3718,1543-7795,2003,67,1,,,,,,,,Society for Military History,,Project muse,host,http://muse.jhu.edu/journals/journal_of_military_history,Project muse,administrative,
Journal of Modern Greek Studies,0738-1727,1086-3265,1983,1,1,,,,,,,,The Johns Hopkins University Press,,Project muse,host,http://muse.jhu.edu/journals/journal_of_modern_greek_studies,Project muse,administrative,
Journal of Modern Literature,0022-281X,1529-1464,1998,22,2,,,,,,,,Indiana University Press,,Project muse,host,http://muse.jhu.edu/journals/journal_of_modern_literature,Project muse,administrative,
"Journal of Money, Credit, and Banking",0022-2879,1538-4616,2002,34,1,2006,,,,,,,The Ohio State University Press,,Project muse,host,http://muse.jhu.edu/journals/journal_of_money_credit_and_banking,Project muse,administrative,
Journal of Narrative Theory,1549-0815,1548-9248,1999,29,1,,,,,,,,Eastern Michigan University,,Project muse,host,http://muse.jhu.edu/journals/journal_of_narrative_theory,Project muse,administrative,
The Journal of Nietzsche Studies,0968-8005,1538-4594,2002,23,,,,,,,,,Penn State University Press,,Project muse,host,http://muse.jhu.edu/journals/journal_of_nietzsche_studies,Project muse,administrative,
Journal of Policy History,0898-0306,1528-4190,2000,12,1,,,,,,,,Cambridge University Press,,Project muse,host,http://muse.jhu.edu/journals/journal_of_policy_history,Project muse,administrative,
Journal of Scholarly Publishing,1198-9742,1710-1166,2003,35,1,,,,,,,,University of Toronto Press,,Project muse,host,http://muse.jhu.edu/journals/journal_of_scholarly_publishing,Project muse,administrative,
Journal of Social History,0022-4529,1527-1897,1999,33,1,,,,,,,,Oxford University Press,,Project muse,host,http://muse.jhu.edu/journals/journal_of_social_history,Project muse,administrative,
The Journal of Speculative Philosophy,0891-625X,1527-9383,2000,14,1,1999,,,,,,,Penn State University Press,,Project muse,host,http://muse.jhu.edu/journals/journal_of_speculative_philosophy,Project muse,administrative,
Journal of the Early Republic,0275-1275,1553-0620,2005,25,1,,,,,,,,University of Pennsylvania Press,,Project muse,host,http://muse.jhu.edu/journals/journal_of_the_early_republic,Project muse,administrative,
Journal of the History of Ideas,0022-5037,1086-3222,1996,57,1,,,,,,,,University of Pennsylvania Press,,Project muse,host,http://muse.jhu.edu/journals/journal_of_the_history_of_ideas,Project muse,administrative,
Journal of the History of Medicine and Allied Sciences,0022-5045,1468-4373,2000,55,1,,,,,,,,Oxford University Press,,Project muse,host,http://muse.jhu.edu/journals/journal_of_the_history_of_medicine_and_allied_sciences,Project muse,administrative,
Journal of the History of Philosophy,0022-5053,1538-4586,1963,1,1,,,,,,,,The Johns Hopkins University Press,,Project muse,host,http://muse.jhu.edu/journals/journal_of_the_history_of_philosophy,Project muse,administrative,
Journal of the History of Sexuality,1043-4070,1535-3605,2001,10,1,,,,,,,,University of Texas Press,,Project muse,host,http://muse.jhu.edu/journals/journal_of_the_history_of_sexuality,Project muse,administrative,
Journal of the Royal Musical Association,0269-0403,1471-6933,2005,130,1,2008,,,,,,,Oxford University Press,,Project muse,host,http://muse.jhu.edu/journals/journal_of_the_royal_musical_association,Project muse,administrative,
Journal of Women's History,1042-7961,1527-2036,1989,1,1,,,,,,,,The Johns Hopkins University Press,,Project muse,host,http://muse.jhu.edu/journals/journal_of_womens_history,Project muse,administrative,
Journal of World History,1045-6007,1527-8050,1996,7,1,,,,,,,,University of Hawai'i Press,,Project muse,host,http://muse.jhu.edu/journals/journal_of_world_history,Project muse,administrative,
Joyce Studies Annual,1049-0809,1538-4241,2001,12,,,,,,,,,Fordham University Press,,Project muse,host,http://muse.jhu.edu/journals/joyce_studies_annual,Project muse,administrative,
Ka Ho'oilina/The Legacy,1535-3133,1542-4243,2002,,,2006,,,,,,,University of Hawai'i Press,,Project muse,host,http://muse.jhu.edu/journals/ka_hooilina_the_legacy,Project muse,administrative,
Kennedy Institute of Ethics Journal,1054-6863,1086-3249,1991,1,1,,,,,,,,The Johns Hopkins University Press,,Project muse,host,http://muse.jhu.edu/journals/kennedy_institute_of_ethics_journal,Project muse,administrative,
Korean Studies,0145-840X,1529-1529,1977,1,,,,,,,,,University of Hawai'i Press,,Project muse,host,http://muse.jhu.edu/journals/korean_studies,Project muse,administrative,
Kritika: Explorations in Russian and Eurasian History,1531-023x,1538-5000,2000,1,1,,,,,,,,Slavica Publishers,,Project muse,host,http://muse.jhu.edu/journals/kritika,Project muse,administrative,
Labor Studies Journal,0160-449X,1538-9758,2002,27,1,2006,,,,,,,West Virginia University Press,,Project muse,host,http://muse.jhu.edu/journals/labor_studies_journal,Project muse,administrative,
Land Economics,0023-7639,1543-8325,2012,88,1,,,,,,,,University of Wisconsin Press,,Project muse,host,http://muse.jhu.edu/journals/land_economics,Project muse,administrative,
Language,0097-8507,1535-0665,2001,77,1,,,,,,,,Linguistic Society of America,,Project muse,host,http://muse.jhu.edu/journals/language,Project muse,administrative,
Late Imperial China,0884-3236,1086-3257,1965,1,1,,,,,,,,The Johns Hopkins University Press,,Project muse,host,http://muse.jhu.edu/journals/late_imperial_china,Project muse,administrative,
Latin American Music Review,0163-0350,1536-0199,2001,22,1,,,,,,,,University of Texas Press,,Project muse,host,http://muse.jhu.edu/journals/latin_american_music_review,Project muse,administrative,
Latin American Politics & Society,1531-426X,1548-2456,2004,46,1,2007,,,,,,,University of Miami,,Project muse,host,http://muse.jhu.edu/journals/latin_american_politics_and_society,Project muse,administrative,
Latin American Research Review,0023-8791,1542-4278,2003,38,1,,,,,,,,Latin American Studies Association,,Project muse,host,http://muse.jhu.edu/journals/latin_american_research_review,Project muse,administrative,
Legacy: A Journal of American Women Writers,0748-4321,1534-0643,2000,17,2,,,,,,,,University of Nebraska Press,,Project muse,host,http://muse.jhu.edu/journals/legacy,Project muse,administrative,
Leonardo,0024-094X,1530-9282,2001,34,1,,,,,,,,The MIT Press,,Project muse,host,http://muse.jhu.edu/journals/leonardo,Project muse,administrative,
Leonardo Music Journal,0961-1215,1531-4812,2000,10,,,,,,,,,The MIT Press,,Project muse,host,http://muse.jhu.edu/journals/leonardo_music_journal,Project muse,administrative,
Libraries & the Cultural Record,1932-4855,1932-9555,2001,36,1,,,,,,,,University of Texas Press,,Project muse,host,http://muse.jhu.edu/journals/libraries_and_culture,Project muse,administrative,
Library Trends,0024-2594,1559-0682,,54,1,,,,,,,,The Johns Hopkins University Press,,Project muse,host,http://muse.jhu.edu/journals/library_trends,Project muse,administrative,
Linguistic Inquiry,0024-3892,1530-9150,2000,31,4,,,,,,,,The MIT Press,,Project muse,host,http://muse.jhu.edu/journals/linguistic_inquiry,Project muse,administrative,
The Lion and the Unicorn,0147-2593,1080-6563,1977,1,1,,,,,,,,The Johns Hopkins University Press,,Project muse,host,http://muse.jhu.edu/journals/lion_and_the_unicorn,Project muse,administrative,
Literature and Medicine,0278-9671,1080-6571,1982,1,,,,,,,,,The Johns Hopkins University Press,,Project muse,host,http://muse.jhu.edu/journals/literature_and_medicine,Project muse,administrative,
Logos: A Journal of Catholic Thought and Culture,1091-6687,1533-791X,2000,3,4,,,,,,,,Logos: A Journal of Catholic Thought and Culture,,Project muse,host,http://muse.jhu.edu/journals/logos,Project muse,administrative,
Luso-Brazilian Review,0024-7413,1548-9957,2004,41,1,,,,,,,,University of Wisconsin Press,,Project muse,host,http://muse.jhu.edu/journals/luso-brazilian_review,Project muse,administrative,
Manoa,1045-7909,1527-943x,1999,11,2,,,,,,,,University of Hawai'i Press,,Project muse,host,http://muse.jhu.edu/journals/manoa,Project muse,administrative,
Marvels & Tales,1521-4281,1536-1802,2001,15,1,,,,,,,,Wayne State University Press,,Project muse,host,http://muse.jhu.edu/journals/marvels_and_tales,Project muse,administrative,
Mediterranean Quarterly,1047-4552,1527-1935,2000,11,1,1999,,,,,,,Duke University Press,,Project muse,host,http://muse.jhu.edu/journals/mediterranean_quarterly,Project muse,administrative,
MELUS: Multi-Ethnic Literature of the U.S.,0163-755X,1946-3170,2009,34,1,,,,,,,,MELUS: The Society for the Study of the Multi-Ethnic Literature of the United States,,Project muse,host,http://muse.jhu.edu/journals/melus,Project muse,administrative,
"Meridians: feminism, race, transnationalism",1536-6936,1547-8424,2001,1,2,,,,,,,,Indiana University Press,,Project muse,host,http://muse.jhu.edu/journals/meridians,Project muse,administrative,
Merrill-Palmer Quarterly,0272-930X,1535-0266,2001,47,1,,,,,,,,Wayne State University Press,,Project muse,host,http://muse.jhu.edu/journals/merrill-palmer_quarterly,Project muse,administrative,
MFS Modern Fiction Studies,0026-7724,1080-658X,1985,31,1,,,,,,,,The Johns Hopkins University Press,,Project muse,host,http://muse.jhu.edu/journals/modern_fiction_studies,Project muse,administrative,
The Middle East Journal,0026-3141,1940-3461,,63,1,,,,,,,,Middle East Institute,,Project muse,host,http://muse.jhu.edu/journals/the_middle_east_journal,Project muse,administrative,
Milton Quarterly,0026-4326,1094-348X,1997,31,1,2000,,,,,,,The Johns Hopkins University Press,,Project muse,host,http://muse.jhu.edu/journals/milton_quarterly,Project muse,administrative,
The Missouri Review,0191-1961,1548-9930,1978,1,1,,,,,,,,University of Missouri,,Project muse,host,http://muse.jhu.edu/journals/missouri_review,Project muse,administrative,
MLN,0026-7910,1080-6598,1995,110,1,,,,,,,,The Johns Hopkins University Press,,Project muse,host,http://muse.jhu.edu/journals/mln,Project muse,administrative,
MLQ: Modern Language Quarterly,0026-7929,1527-1943,2000,61,1,2004,,,,,,,Duke University Press,,Project muse,host,http://muse.jhu.edu/journals/modern_language_quarterly,Project muse,administrative,
Modern Drama,0026-7694,1712-5286,2005,48,1,,,,,,,,University of Toronto Press,,Project muse,host,http://muse.jhu.edu/journals/modern_drama,Project muse,administrative,
Modern Judaism,0276-1114,1086-3273,1996,16,1,,,,,,,,Oxford University Press,,Project muse,host,http://muse.jhu.edu/journals/modern_judaism,Project muse,administrative,
Modernism/modernity,1071-6068,1080-6601,1994,1,1,,,,,,,,The Johns Hopkins University Press,,Project muse,host,http://muse.jhu.edu/journals/modernism-modernity,Project muse,administrative,
Monatshefte,0026-9271,1934-2810,2007,99,1,,,,,,,,University of Wisconsin Press,,Project muse,host,http://muse.jhu.edu/journals/monatshefte,Project muse,administrative,
Monumenta Nipponica,0027-0741,1880-1390,2005,60,1,,,,,,,,Sophia University,,Project muse,host,http://muse.jhu.edu/journals/monumenta_nipponica,Project muse,administrative,
The Moving Image,1532-3978,1542-4235,2003,3,1,,,,,,,,University of Minnesota Press,,Project muse,host,http://muse.jhu.edu/journals/the_moving_image,Project muse,administrative,
Music and Letters,0027-4224,1477-4631,2004,85,1,,,,,,,,Oxford University Press,,Project muse,host,http://muse.jhu.edu/journals/music_and_letters,Project muse,administrative,
Nabokov Studies,1080-1219,1548-9965,1994,1,,,,,,,,,International Vladimir Nabokov Society and Davidson College,,Project muse,host,http://muse.jhu.edu/journals/nabokov_studies,Project muse,administrative,
Narrative,1063-3685,1538-974X,2002,10,1,,,,,,,,The Ohio State University Press,,Project muse,host,http://muse.jhu.edu/journals/narrative,Project muse,administrative,
Nashim: A Journal of Jewish Women's Studies & Gender Issues,0793-8934,1565-5288,2003,6,,,,,,,,,Indiana University Press,,Project muse,host,http://muse.jhu.edu/journals/nashim,Project muse,administrative,
Native Plants Journal,1522-8339,1548-4785,2004,5,1,,,,,,,,University of Wisconsin Press,,Project muse,host,http://muse.jhu.edu/journals/native_plants_journal,Project muse,administrative,
Nepantla: Views from South,1527-0858,1529-1650,2000,1,1,,,,,,,,Duke University Press,,Project muse,host,http://muse.jhu.edu/journals/nepantla,Project muse,administrative,
New Hibernia Review,1092-3977,1534-5815,2001,5,1,,,,,,,,Center for Irish Studies at the University of St. Thomas,,Project muse,host,http://muse.jhu.edu/journals/new_hibernia_review,Project muse,administrative,
New Literary History,0028-6087,1080-661X,1995,26,1,,,,,,,,The Johns Hopkins University Press,,Project muse,host,http://muse.jhu.edu/journals/new_literary_history,Project muse,administrative,
NINE: A Journal of Baseball History and Culture,1188-9330,1534-1844,2000,9,1,,,,,,,,University of Nebraska Press,,Project muse,host,http://muse.jhu.edu/journals/nine,Project muse,administrative,
Nineteenth-Century French Studies,0146-7891,1536-0172,2001,29,3,,,,,,,,University of Nebraska Press,,Project muse,host,http://muse.jhu.edu/journals/nineteenth_century_french_studies,Project muse,administrative,
Northeast African Studies,0740-9133,1535-6574,1994,1,1,,,,,,,,Michigan State University Press,,Project muse,host,http://muse.jhu.edu/journals/northeast_african_studies,Project muse,administrative,
Notes,0027-4380,1534-150X,2000,57,1,,,,,,,,Music Library Association,,Project muse,host,http://muse.jhu.edu/journals/notes,Project muse,administrative,
Oceanic Linguistics,0029-8115,1527-9421,1999,38,2,,,,,,,,University of Hawai'i Press,,Project muse,host,http://muse.jhu.edu/journals/oceanic_linguistics,Project muse,administrative,
The Opera Quarterly,0736-0053,1476-2870,2002,18,1,,,,,,,,Oxford University Press,,Project muse,host,http://muse.jhu.edu/journals/opera_quarterly,Project muse,administrative,
Oral Tradition,0883-5365,1542-4308,2003,18,1,,,,,,,,Center for Studies in Oral Tradition,,Project muse,host,http://muse.jhu.edu/journals/oral_tradition,Project muse,administrative,
Pacific Science,0030-8870,1534-6188,2001,55,1,2007,,,,,,,University of Hawai'i Press,,Project muse,host,http://muse.jhu.edu/journals/pacific_science,Project muse,administrative,
PAJ: A Journal of Performance and Art,1520-281X,1537-9477,1996,18,1,,,,,,,,The MIT Press,,Project muse,host,http://muse.jhu.edu/journals/performing_arts_journal,Project muse,administrative,
Parergon,0313-6221,1832-8334,2005,22,1,,,,,,,,Australian and New Zealand Association of Medieval and Early Modern Studies (Inc.),,Project muse,host,http://muse.jhu.edu/journals/parergon,Project muse,administrative,
Partial Answers: Journal of Literature and the History of Ideas,1565-3668,1936-9247,2003,1,1,,,,,,,,The Johns Hopkins University Press,,Project muse,host,http://muse.jhu.edu/journals/partial_answers,Project muse,administrative,
Past & Present,0031-2746,1477-464X,2005,188,,2007,,,,,,,Oxford University Press,,Project muse,host,http://muse.jhu.edu/journals/past_and_present,Project muse,administrative,
Pedagogy,1531-4200,1533-6255,2001,1,1,,,,,,,,Duke University Press,,Project muse,host,http://muse.jhu.edu/journals/pedagogy,Project muse,administrative,
Perspectives in Biology and Medicine,0031-5982,1529-8795,2000,43,2,,,,,,,,The Johns Hopkins University Press,,Project muse,host,http://muse.jhu.edu/journals/perspectives_in_biology_and_medicine,Project muse,administrative,
Perspectives on Science,1063-6145,1530-9274,1998,6,1,,,,,,,,The MIT Press,,Project muse,host,http://muse.jhu.edu/journals/perspectives_on_science,Project muse,administrative,
Philosophy and Literature,0190-0013,1086-329X,1976,1,1,,,,,,,,The Johns Hopkins University Press,,Project muse,host,http://muse.jhu.edu/journals/philosophy_and_literature,Project muse,administrative,
Philosophy & Public Affairs,0048-3915,1088-4963,2001,30,1,2003,,,,,,,Princeton University,,Project muse,host,http://muse.jhu.edu/journals/philosophy_and_public_affairs,Project muse,administrative,
Philosophy and Rhetoric,0031-8213,1527-2079,2000,33,1,,,,,,,,Penn State University Press,,Project muse,host,http://muse.jhu.edu/journals/philosophy_and_rhetoric,Project muse,administrative,
Philosophy East and West,0031-8221,1529-1898,2000,50,4,,,,,,,,University of Hawai'i Press,,Project muse,host,http://muse.jhu.edu/journals/philosophy_east_and_west,Project muse,administrative,
Philosophy of Music Education Review,1063-5734,1543-3412,2001,9,2,,,,,,,,Indiana University Press,,Project muse,host,http://muse.jhu.edu/journals/philosophy_of_music_education_review,Project muse,administrative,
"Philosophy, Psychiatry, & Psychology",1071-6076,1086-3303,1994,1,1,,,,,,,,The Johns Hopkins University Press,,Project muse,host,http://muse.jhu.edu/journals/philosophy_psychiatry_and_psychology,Project muse,administrative,
Poetics Today,0333-5372,1527-5507,1999,20,3,2004,,,,,,,Duke University Press,,Project muse,host,http://muse.jhu.edu/journals/poetics_today,Project muse,administrative,
Population Review,0032-471X,1549-0955,2003,42,1,,,,,,,,Population Review Publications,,Project muse,host,http://muse.jhu.edu/journals/population_review,Project muse,administrative,
portal: Libraries and the Academy,1531-2542,1530-7131,2001,1,1,,,,,,,,The Johns Hopkins University Press,,Project muse,host,http://muse.jhu.edu/journals/portal_libraries_and_the_academy,Project muse,administrative,
positions: east asia cultures critique,1067-9847,1527-8271,2000,8,1,1999,,,,,,,Duke University Press,,Project muse,host,http://muse.jhu.edu/journals/positions,Project muse,administrative,
Postmodern Culture,,1053-1920,1990,1,1,,,,,,,,The Johns Hopkins University Press,,Project muse,host,http://muse.jhu.edu/journals/postmodern_culture,Project muse,administrative,
Prairie Schooner,0032-6682,1542-426X,2003,77,1,,,,,,,,University of Nebraska Press,,Project muse,host,http://muse.jhu.edu/journals/prairie_schooner,Project muse,administrative,
Prooftexts,0272-9601,1086-3311,1998,18,1,,,,,,,,Indiana University Press,,Project muse,host,http://muse.jhu.edu/journals/prooftexts,Project muse,administrative,
Public Culture,0899-2363,1527-8018,1999,11,2,2004,,,,,,,Duke University Press,,Project muse,host,http://muse.jhu.edu/journals/public_culture,Project muse,administrative,
Radical History Review,0163-6545,1534-1453,2001,79,,2004,,,,,,,Duke University Press,,Project muse,host,http://muse.jhu.edu/journals/radical_history_review,Project muse,administrative,
Red Cedar Review,0034-1967,1554-6721,2003,38,,,,,,,,,Michigan State University Press,,Project muse,host,http://muse.jhu.edu/journals/red_cedar_review,Project muse,administrative,
Renaissance Quarterly,0034-4338,1935-0236,2005,58,1,,,,,,,,Renaissance Society of America,,Project muse,host,http://muse.jhu.edu/journals/renaissance_quarterly,Project muse,administrative,
Research in African Literatures,0034-5210,1527-2044,1999,30,1,,,,,,,,Indiana University Press,,Project muse,host,http://muse.jhu.edu/journals/research_in_african_literatures,Project muse,administrative,
Resources for American Literary Study,0048-7384,1529-1502,1999,25,2,2001,,,,,,,Penn State University Press,,Project muse,host,http://muse.jhu.edu/journals/resources_for_american_literary_study,Project muse,administrative,
The Review of Higher Education,0162-5748,1090-7009,1996,20,1,,,,,,,,The Johns Hopkins University Press,,Project muse,host,http://muse.jhu.edu/journals/review_of_higher_education,Project muse,administrative,
Reviews in American History,0048-7511,1080-6628,1995,23,1,,,,,,,,The Johns Hopkins University Press,,Project muse,host,http://muse.jhu.edu/journals/reviews_in_american_history,Project muse,administrative,
Rhetoric & Public Affairs,1094-8392,1534-5238,1998,1,1,,,,,,,,Michigan State University Press,,Project muse,host,http://muse.jhu.edu/journals/rhetoric_and_public_affairs,Project muse,administrative,
River Teeth: A Journal of Nonfiction Narrative,1544-1849,1548-3339,2003,5,1,,,,,,,,Ashland University,,Project muse,host,http://muse.jhu.edu/journals/river_teeth,Project muse,administrative,
SAIS Review,0036-0775,1088-3142,1995,15,,,,,,,,,The Johns Hopkins University Press,,Project muse,host,http://muse.jhu.edu/journals/sais_review,Project muse,administrative,
The Scottish Historical Review,0036-9241,1750-0222,2006,85,1,2008,,,,,,,Edinburgh University Press,,Project muse,host,http://muse.jhu.edu/journals/scottish_historical_review,Project muse,administrative,
SEL Studies in English Literature 1500-1900,0039-3657,1522-9270,1999,39,1,,,,,,,,The Johns Hopkins University Press,,Project muse,host,http://muse.jhu.edu/journals/studies_in_english_literature,Project muse,administrative,
Sewanee Review,0037-3052,1934-421X,,115,1,,,,,,,,The Johns Hopkins University Press,,Project muse,host,http://muse.jhu.edu/journals/sewanee_review,Project muse,administrative,
Shakespeare Quarterly,0037-3222,1538-3555,2001,52,1,,,,,,,,The Johns Hopkins University Press,,Project muse,host,http://muse.jhu.edu/journals/shakespeare_quarterly,Project muse,administrative,
SHAW The Annual of Bernard Shaw Studies,0741-5842,1529-1480,2000,20,,,,,,,,,Penn State University Press,,Project muse,host,http://muse.jhu.edu/journals/annual_of_bernard_shaw_studies,Project muse,administrative,
Shofar: An Interdisciplinary Journal of Jewish Studies,0882-8539,1534-5165,2001,19,3,,,,,,,,Purdue University Press,,Project muse,host,http://muse.jhu.edu/journals/shofar,Project muse,administrative,
Sign Language Studies,0302-1475,1533-6263,2000,1,1,,,,,,,,Gallaudet University Press,,Project muse,host,http://muse.jhu.edu/journals/sign_language_studies,Project muse,administrative,
"Sirena: poesia, arte y critica",1548-6400,1554-7655,,,1,,,,,,,,The Johns Hopkins University Press,,Project muse,host,http://muse.jhu.edu/journals/sirena_poesia_arte_y_critica,Project muse,administrative,
Small Axe,0799-0537,1534-6714,2001,5,1,,,,,,,,Duke University Press,,Project muse,host,http://muse.jhu.edu/journals/small_axe,Project muse,administrative,
Social Forces,0037-7732,1534-7605,2001,79,3,,,,,,,,Oxford University Press,,Project muse,host,http://muse.jhu.edu/journals/social_forces,Project muse,administrative,
"Social Politics: International Studies in Gender, State and Society",1072-4745,1468-2893,2003,10,1,,,,,,,,Oxford University Press,,Project muse,host,http://muse.jhu.edu/journals/social_politics,Project muse,administrative,
Social Science History,0145-5532,1527-8034,1999,23,4,,,,,,,,Duke University Press,,Project muse,host,http://muse.jhu.edu/journals/social_science_history,Project muse,administrative,
Social Text,0164-2472,1527-1951,2000,18,1,2004,,,,,,,Duke University Press,,Project muse,host,http://muse.jhu.edu/journals/social_text,Project muse,administrative,
The South Atlantic Quarterly,0038-2876,1527-8026,1999,98,3,2004,,,,,,,Duke University Press,,Project muse,host,http://muse.jhu.edu/journals/south_atlantic_quarterly,Project muse,administrative,
South Central Review,0743-6831,1549-3377,2004,21,1,,,,,,,,The Johns Hopkins University Press,,Project muse,host,http://muse.jhu.edu/journals/south_central_review,Project muse,administrative,
Southeastern Geographer,0038-366X,1549-6929,2004,44,1,,,,,,,,The University of North Carolina Press,,Project muse,host,http://muse.jhu.edu/journals/southeastern_geographer,Project muse,administrative,
Southern Cultures,1068-8218,1534-1488,1993,,,,,,,,,,The University of North Carolina Press,,Project muse,host,http://muse.jhu.edu/journals/southern_cultures,Project muse,administrative,
The Southern Literary Journal,0038-4291,1534-1461,2000,33,1,,,,,,,,The University of North Carolina Press,,Project muse,host,http://muse.jhu.edu/journals/southern_literary_journal,Project muse,administrative,
Southwestern Historical Quarterly,0038-478X,1558-9560,2006,110,1,,,,,,,,Texas State Historical Association,,Project muse,host,http://muse.jhu.edu/journals/southwestern_historical_quarterly,Project muse,administrative,
Spiritus: A Journal of Christian Spirituality,1533-1709,1535-3117,2001,1,1,,,,,,,,The Johns Hopkins University Press,,Project muse,host,http://muse.jhu.edu/journals/spiritus,Project muse,administrative,
Steinbeck Review,1546-007x,1938-6214,2006,3,1,2007,,,,,,,The Martha Heasley Cox Center for Steinbeck Studies,,Project muse,host,http://muse.jhu.edu/journals/steinbeck_review,Project muse,administrative,
Steinbeck Studies,0898-7734,1551-6903,2004,15,1,2005,,,,,,,The Martha Heasley Cox Center for Steinbeck Studies,,Project muse,host,http://muse.jhu.edu/journals/steinbeck_studies,Project muse,administrative,
Studies in American Indian Literatures,0730-3238,1548-9590,2004,16,1,,,,,,,,University of Nebraska Press,,Project muse,host,http://muse.jhu.edu/journals/studies_in_american_indian_literatures,Project muse,administrative,
Studies in Bibliography,0081-7600,1553-3891,2002,55,,,,,,,,,Bibliographical Society of the University of Virginia,,Project muse,host,http://muse.jhu.edu/journals/studies_in_bibliography,Project muse,administrative,
Studies in Philology,0039-3738,1543-0383,2003,100,1,,,,,,,,The University of North Carolina Press,,Project muse,host,http://muse.jhu.edu/journals/studies_in_philology,Project muse,administrative,
Studies in the Novel,0039-3827,1934-1512,2005,40,,,,,,,,,University of North Texas,,Project muse,host,http://muse.jhu.edu/journals/studies_in_the_novel,Project muse,administrative,
SubStance,0049-2426,1527-2095,2000,29,1,1999,,,,,,,University of Wisconsin Press,,Project muse,host,http://muse.jhu.edu/journals/substance,Project muse,administrative,
symploke,1069-0697,1534-0627,1997,5,1,,,,,,,,University of Nebraska Press,,Project muse,host,http://muse.jhu.edu/journals/symploke,Project muse,administrative,
TDR: The Drama Review,1054-2043,1531-4715,1999,43,3,,,,,,,,The MIT Press,,Project muse,host,http://muse.jhu.edu/journals/the_drama_review,Project muse,administrative,
Technology and Culture,0040-165X,1097-3729,1998,39,3,,,,,,,,The Johns Hopkins University Press,,Project muse,host,http://muse.jhu.edu/journals/technology_and_culture,Project muse,administrative,
Texas Studies in Literature and Language,0040-4691,1534-7303,2001,43,1,,,,,,,,University of Texas Press,,Project muse,host,http://muse.jhu.edu/journals/texas_studies_in_literature_and_language,Project muse,administrative,
Theater,0161-0775,1527-196X,2000,30,1,2004,,,,,,,Duke University Press,,Project muse,host,http://muse.jhu.edu/journals/theater,Project muse,administrative,
Theatre Journal,0192-2882,1086-332X,1996,48,1,,,,,,,,The Johns Hopkins University Press,,Project muse,host,http://muse.jhu.edu/journals/theatre_journal,Project muse,administrative,
Theatre Topics,1054-8378,1086-3346,1991,1,1,,,,,,,,The Johns Hopkins University Press,,Project muse,host,http://muse.jhu.edu/journals/theatre_topics,Project muse,administrative,
Theory & Event,,1092-311X,1997,1,1,,,,,,,,The Johns Hopkins University Press,,Project muse,host,http://muse.jhu.edu/journals/theory_and_event,Project muse,administrative,
Theory Into Practice,0040-5841,1543-0421,2003,42,1,2004,,,,,,,Ohio State University College of Education,,Project muse,host,http://muse.jhu.edu/journals/theory_into_practice,Project muse,administrative,
Tolkien Studies,1547-3155,1547-3163,2004,1,,,,,,,,,West Virginia University Press,,Project muse,host,http://muse.jhu.edu/journals/tolkien_studies,Project muse,administrative,
Transactions of the American Philological Association,0360-5949,1533-0699,2000,130,,,,,,,,,The Johns Hopkins University Press,,Project muse,host,http://muse.jhu.edu/journals/transactions_of_the_american_philological_association,Project muse,administrative,
Transactions of the Charles S. Peirce Society: A Quarterly Journal in American Philosophy,0009-1774,1558-9587,2005,41,1,,,,,,,,Indiana University Press,,Project muse,host,http://muse.jhu.edu/journals/transactions_of_the_charles_s_peirce_society,Project muse,administrative,
Transformation: Critical Perspectives on Southern Africa,0258-7696,1726-1368,2002,49,,,,,,,,,Transformation,,Project muse,host,http://muse.jhu.edu/journals/transformation,Project muse,administrative,
Transition,0041-1191,1527-8042,2000,9,1,,,,,,,,Indiana University Press,,Project muse,host,http://muse.jhu.edu/journals/transition,Project muse,administrative,
Tulsa Studies in Women's Literature,0732-7730,1936-1645,2007,26,1,,,,,,,,The University of Tulsa,,Project muse,host,http://muse.jhu.edu/journals/tulsa_studies_in_womens_literature,Project muse,administrative,
University of Toronto Law Journal,0042-0220,1710-1174,2004,54,1,,,,,,,,University of Toronto Press,,Project muse,host,http://muse.jhu.edu/journals/university_of_toronto_law_journal,Project muse,administrative,
University of Toronto Quarterly,0042-0247,1712-5278,,74,,,,,,,,,University of Toronto Press,,Project muse,host,http://muse.jhu.edu/journals/university_of_toronto_quarterly,Project muse,administrative,
The Velvet Light Trap,0149-1830,1542-4251,2003,51,,,,,,,,,University of Texas Press,,Project muse,host,http://muse.jhu.edu/journals/the_velvet_light_trap,Project muse,administrative,
Victorian Periodicals Review,0709-4698,1712-526X,2005,38,1,,,,,,,,The Johns Hopkins University Press,,Project muse,host,http://muse.jhu.edu/journals/victorian_periodicals_review,Project muse,administrative,
Victorian Poetry,0042-5206,1530-7190,2000,38,1,,,,,,,,West Virginia University Press,,Project muse,host,http://muse.jhu.edu/journals/victorian_poetry,Project muse,administrative,
Victorian Studies,0042-5222,1527-2052,1999,42,2,,,,,,,,Indiana University Press,,Project muse,host,http://muse.jhu.edu/journals/victorian_studies,Project muse,administrative,
The Washington Quarterly,0163-660X,1530-9177,2000,23,1,,,,,,,,The MIT Press,,Project muse,host,http://muse.jhu.edu/journals/washington_quarterly,Project muse,administrative,
Western American Literature,0043-3462,1948-7142,2009,44,1,,,,,,,,The Western Literature Association,,Project muse,host,http://muse.jhu.edu/journals/western_american_literature,Project muse,administrative,
Wicazo Sa Review,0749-6427,1533-7901,2000,15,2,,,,,,,,University of Minnesota Press,,Project muse,host,http://muse.jhu.edu/journals/wicazo_sa_review,Project muse,administrative,
Wide Angle,0160-6840,1086-3354,1996,18,1,1999,,,,,,,The Johns Hopkins University Press,,Project muse,host,http://muse.jhu.edu/journals/wide_angle,Project muse,administrative,
Women and Music: A Journal of Gender and Culture,1090-7505,1553-0612,2004,8,,,,,,,,,University of Nebraska Press,,Project muse,host,http://muse.jhu.edu/journals/women_and_music,Project muse,administrative,
World Politics,0043-8871,1086-3338,1995,48,1,,,,,,,,Cambridge University Press,,Project muse,host,http://muse.jhu.edu/journals/world_politics,Project muse,administrative,
WSQ: Women's Studies Quarterly,0732-1562,1934-1520,2008,36,1,,,,,,,,The Feminist Press,,Project muse,host,http://muse.jhu.edu/journals/wsq,Project muse,administrative,
The Yale Journal of Criticism,0893-5378,1080-6636,1996,9,1,2005,,,,,,,The Johns Hopkins University Press,,Project muse,host,http://muse.jhu.edu/journals/yale_journal_of_criticism,Project muse,administrative,
Yearbook of the Association of Pacific Coast Geographers,0066-9628,1551-3211,2004,66,,,,,,,,,University of Hawai'i Press,,Project muse,host,http://muse.jhu.edu/journals/yearbook_of_the_association_of_pacific_coast_geographers,Project muse,administrative,
