SO Name,NESLI2 Wiley Online Library Medicine and  2012_2014,,,,,,,,,,,,,,,,,,,
SO Identifier,wiley_Medicine and Nursing_2012_2014_Nesli2,,,,,,,,,,,,,,,,,,,
Provider,Wiley,,,,,,,,,,,,,,,,,,,
Package Identifier,Medicine and Nursing,,,,,,,,,,,,,,,,,,,
Package Name,Medicine and Nursing,,,,,,,,,,,,,,,,,,,
Agreement Term Start Year,2012,,,,,,,,,,,,,,,,,,,
Agreement Term End Year,2014,,,,,,,,,,,,,,,,,,,
Consortium,NESLI2,,,,,,,,,,,,,,,,,,,
Number of Proprietary_ID columns,0,,,,,,,,,,,,,,,,,,,
Number of Platforms listed,2,,,,,,,,,,,,,,,,,,,
publication_title,print_identifier,online_identifier,date_first_issue_online,num_first_vol_online,num_first_issue_online,date_last_issue_online,num_last_vol_online,num_last_issue_online,title_id,embargo_info,coverage_depth,coverage_notes,publisher_name,DOI,platform_name,platform_role,platform_title_url,platform_name,platform_role,platform_title_url
JOURNAL OF APPLIED BIOBEHAVIORAL RESEARCH,1071-2089,1751-9861,1997,,,,,,,,,,,10.1111/(ISSN)1751-9861,Wiley Online Library,host,http://onlinelibrary.wiley.com/journal/10.1111/(ISSN)1751-9861,Wiley Online Library,administrative,
MYCOSES,0933-7407,1439-0507,1997,,,,,,,,,,,10.1111/(ISSN)1439-0507,Wiley Online Library,host,http://onlinelibrary.wiley.com/journal/10.1111/(ISSN)1439-0507,Wiley Online Library,administrative,
AMERICAN JOURNAL OF HEMATOLOGY,0361-8609,1096-8652,1997,,,,,,,,,free back issues after 1 year back to 1998,,10.1002/(ISSN)1096-8652,Wiley Online Library,host,http://onlinelibrary.wiley.com/journal/10.1002/(ISSN)1096-8652,Wiley Online Library,administrative,
AMERICAN JOURNAL OF INDUSTRIAL MEDICINE,0271-3586,1097-0274,1997,,,,,,,,,,,10.1002/(ISSN)1097-0274,Wiley Online Library,host,http://onlinelibrary.wiley.com/journal/10.1002/(ISSN)1097-0274,Wiley Online Library,administrative,
APPLIED COGNITIVE PSYCHOLOGY,0888-4080,1099-0720,1997,,,,,,,,,,,10.1002/(ISSN)1099-0720,Wiley Online Library,host,http://onlinelibrary.wiley.com/journal/10.1002/(ISSN)1099-0720,Wiley Online Library,administrative,
BIOPHARMACEUTICS AND DRUG DISPOSITION,0142-2782,1099-081X,1997,,,,,,,,,,,10.1002/(ISSN)1099-081X,Wiley Online Library,host,http://onlinelibrary.wiley.com/journal/10.1002/(ISSN)1099-081X,Wiley Online Library,administrative,
CATHETERIZATION AND CARDIOVASCULAR INTERVENTIONS,1522-1946,1522-726X,1997,,,,,,,,,,,10.1002/(ISSN)1522-726X,Wiley Online Library,host,http://onlinelibrary.wiley.com/journal/10.1002/(ISSN)1522-726X,Wiley Online Library,administrative,
CELL BIOCHEMISTRY AND FUNCTION  (ELECTRONIC),0263-6484,1099-0844,1997,,,,,,,,,,,10.1002/(ISSN)1099-0844,Wiley Online Library,host,http://onlinelibrary.wiley.com/journal/10.1002/(ISSN)1099-0844,Wiley Online Library,administrative,
CHILD ABUSE REVIEW,0952-9136,1099-0852,1997,,,,,,,,,,,10.1002/(ISSN)1099-0852,Wiley Online Library,host,http://onlinelibrary.wiley.com/journal/10.1002/(ISSN)1099-0852,Wiley Online Library,administrative,
CLINICAL PSYCHOLOGIST,1328-4207,1742-9552,1997,,,,,,,,,,,10.1111/(ISSN)1742-9552,Wiley Online Library,host,http://onlinelibrary.wiley.com/journal/10.1111/(ISSN)1742-9552,Wiley Online Library,administrative,
CONCEPTS IN MAGNETIC RESONANCE,1546-6086,1552-5023,1997,,,,,,,,,,,10.1002/(ISSN)1552-5023,Wiley Online Library,host,http://onlinelibrary.wiley.com/journal/10.1002/(ISSN)1552-5023,Wiley Online Library,administrative,
CRIMINAL BEHAVIOUR AND MENTAL HEALTH,0957-9664,1471-2857,1997,,,,,,,,,,,10.1002/(ISSN)1471-2857,Wiley Online Library,host,http://onlinelibrary.wiley.com/journal/10.1002/(ISSN)1471-2857,Wiley Online Library,administrative,
DEPRESSION AND ANXIETY,1091-4269,1520-6394,1997,,,,,,,,,,,10.1002/(ISSN)1520-6394,Wiley Online Library,host,http://onlinelibrary.wiley.com/journal/10.1002/(ISSN)1520-6394,Wiley Online Library,administrative,
DIAGNOSTIC CYTOPATHOLOGY,8755-1039,1097-0339,1997,,,,,,,,,,,10.1002/(ISSN)1097-0339,Wiley Online Library,host,http://onlinelibrary.wiley.com/journal/10.1002/(ISSN)1097-0339,Wiley Online Library,administrative,
ENVIRONMENTAL AND MOLECULAR MUTAGENESIS,0893-6692,1098-2280,1997,,,,,,,,,,,10.1002/(ISSN)1098-2280,Wiley Online Library,host,http://onlinelibrary.wiley.com/journal/10.1002/(ISSN)1098-2280,Wiley Online Library,administrative,
EUROPEAN JOURNAL OF PERSONALITY,0890-2070,1099-0984,1997,,,,,,,,,,,10.1002/(ISSN)1099-0984,Wiley Online Library,host,http://onlinelibrary.wiley.com/journal/10.1002/(ISSN)1099-0984,Wiley Online Library,administrative,
"GENES, CHROMOSOMES AND CANCER",1045-2257,1098-2264,1997,,,,,,,,,,,10.1002/(ISSN)1098-2264,Wiley Online Library,host,http://onlinelibrary.wiley.com/journal/10.1002/(ISSN)1098-2264,Wiley Online Library,administrative,
HEAD & NECK: JOURNAL FOR THE SCIENCES &  SPECIALTIES OF THE HEAD AND NECK,1043-3074,1097-0347,1997,,,,,,,,,,,10.1002/(ISSN)1097-0347,Wiley Online Library,host,http://onlinelibrary.wiley.com/journal/10.1002/(ISSN)1097-0347,Wiley Online Library,administrative,
HEALTH ECONOMICS,1057-9230,1099-1050,1997,,,,,,,,,,,10.1002/(ISSN)1099-1050,Wiley Online Library,host,http://onlinelibrary.wiley.com/journal/10.1002/(ISSN)1099-1050,Wiley Online Library,administrative,
HEMATOLOGICAL ONCOLOGY,0278-0232,1099-1069,1997,,,,,,,,,,,10.1002/(ISSN)1099-1069,Wiley Online Library,host,http://onlinelibrary.wiley.com/journal/10.1002/(ISSN)1099-1069,Wiley Online Library,administrative,
HEPATOLOGY,0270-9139,1527-3350,1997,,,,,,,,,free back issues after 1 year back to 1996,,10.1002/(ISSN)1527-3350,Wiley Online Library,host,http://onlinelibrary.wiley.com/journal/10.1002/(ISSN)1527-3350,Wiley Online Library,administrative,
HUMAN PSYCHOPHARMACOLOGY: CLINICAL AND  EXPERIMENTAL,0885-6222,1099-1077,1997,,,,,,,,,,,10.1002/(ISSN)1099-1077,Wiley Online Library,host,http://onlinelibrary.wiley.com/journal/10.1002/(ISSN)1099-1077,Wiley Online Library,administrative,
INTERNATIONAL JOURNAL OF CANCER,0020-7136,1097-0215,1997,,,,,,,,,,,10.1002/(ISSN)1097-0215,Wiley Online Library,host,http://onlinelibrary.wiley.com/journal/10.1002/(ISSN)1097-0215,Wiley Online Library,administrative,
INTERNATIONAL JOURNAL OF GERIATRIC PSYCHIATRY,0885-6230,1099-1166,1997,,,,,,,,,,,10.1002/(ISSN)1099-1166,Wiley Online Library,host,http://onlinelibrary.wiley.com/journal/10.1002/(ISSN)1099-1166,Wiley Online Library,administrative,
INTERNATIONAL JOURNAL OF HEALTH PLANNING AND  MANAGEMENT,0749-6753,1099-1751,1997,,,,,,,,,,,10.1002/(ISSN)1099-1751,Wiley Online Library,host,http://onlinelibrary.wiley.com/journal/10.1002/(ISSN)1099-1751,Wiley Online Library,administrative,
INTERNATIONAL JOURNAL OF IMAGING SYSTEMS AND  TECHNOLOGY,0899-9457,1098-1098,1997,,,,,,,,,,,10.1002/(ISSN)1098-1098,Wiley Online Library,host,http://onlinelibrary.wiley.com/journal/10.1002/(ISSN)1098-1098,Wiley Online Library,administrative,
JOURNAL OF CLINICAL APHERESIS,0733-2459,1098-1101,1997,,,,,,,,,,,10.1002/(ISSN)1098-1101,Wiley Online Library,host,http://onlinelibrary.wiley.com/journal/10.1002/(ISSN)1098-1101,Wiley Online Library,administrative,
JOURNAL OF CLINICAL LABORATORY ANALYSIS,0887-8013,1098-2825,1997,,,,,,,,,,,10.1002/(ISSN)1098-2825,Wiley Online Library,host,http://onlinelibrary.wiley.com/journal/10.1002/(ISSN)1098-2825,Wiley Online Library,administrative,
JOURNAL OF CLINICAL ULTRASOUND,0091-2751,1097-0096,1997,,,,,,,,,,,10.1002/(ISSN)1097-0096,Wiley Online Library,host,http://onlinelibrary.wiley.com/journal/10.1002/(ISSN)1097-0096,Wiley Online Library,administrative,
JOURNAL OF MEDICAL VIROLOGY,0146-6615,1096-9071,1997,,,,,,,,,,,10.1002/(ISSN)1096-9071,Wiley Online Library,host,http://onlinelibrary.wiley.com/journal/10.1002/(ISSN)1096-9071,Wiley Online Library,administrative,
JOURNAL OF SURGICAL ONCOLOGY,0022-4790,1096-9098,1997,,,,,,,,,,,10.1002/(ISSN)1096-9098,Wiley Online Library,host,http://onlinelibrary.wiley.com/journal/10.1002/(ISSN)1096-9098,Wiley Online Library,administrative,
LASERS IN SURGERY AND MEDICINE,0196-8092,1096-9101,1997,,,,,,,,,,,10.1002/(ISSN)1096-9101,Wiley Online Library,host,http://onlinelibrary.wiley.com/journal/10.1002/(ISSN)1096-9101,Wiley Online Library,administrative,
MEDICINAL RESEARCH REVIEWS,0198-6325,1098-1128,1997,,,,,,,,,,,10.1002/(ISSN)1098-1128,Wiley Online Library,host,http://onlinelibrary.wiley.com/journal/10.1002/(ISSN)1098-1128,Wiley Online Library,administrative,
MICROSURGERY,0738-1085,1098-2752,1997,,,,,,,,,,,10.1002/(ISSN)1098-2752,Wiley Online Library,host,http://onlinelibrary.wiley.com/journal/10.1002/(ISSN)1098-2752,Wiley Online Library,administrative,
MOLECULAR CARCINOGENESIS,0899-1987,1098-2744,1997,,,,,,,,,,,10.1002/(ISSN)1098-2744,Wiley Online Library,host,http://onlinelibrary.wiley.com/journal/10.1002/(ISSN)1098-2744,Wiley Online Library,administrative,
MUSCLE AND NERVE,0148-639X,1097-4598,1997,,,,,,,,,,,10.1002/(ISSN)1097-4598,Wiley Online Library,host,http://onlinelibrary.wiley.com/journal/10.1002/(ISSN)1097-4598,Wiley Online Library,administrative,
NEUROUROLOGY AND URODYNAMICS,0733-2467,1520-6777,1997,,,,,,,,,,,10.1002/(ISSN)1520-6777,Wiley Online Library,host,http://onlinelibrary.wiley.com/journal/10.1002/(ISSN)1520-6777,Wiley Online Library,administrative,
NMR IN BIOMEDICINE,0952-3480,1099-1492,1997,,,,,,,,,,,10.1002/(ISSN)1099-1492,Wiley Online Library,host,http://onlinelibrary.wiley.com/journal/10.1002/(ISSN)1099-1492,Wiley Online Library,administrative,
PEDIATRIC BLOOD & CANCER,1545-5009,1545-5017,1997,,,,,,,,,,,10.1002/(ISSN)1545-5017,Wiley Online Library,host,http://onlinelibrary.wiley.com/journal/10.1002/(ISSN)1545-5017,Wiley Online Library,administrative,
PHARMACOEPIDEMIOLOGY AND DRUG SAFETY,1053-8569,1099-1557,1997,,,,,,,,,,,10.1002/(ISSN)1099-1557,Wiley Online Library,host,http://onlinelibrary.wiley.com/journal/10.1002/(ISSN)1099-1557,Wiley Online Library,administrative,
PHYTOTHERAPY RESEARCH,0951-418X,1099-1573,1997,,,,,,,,,,,10.1002/(ISSN)1099-1573,Wiley Online Library,host,http://onlinelibrary.wiley.com/journal/10.1002/(ISSN)1099-1573,Wiley Online Library,administrative,
PRENATAL DIAGNOSIS,0197-3851,1097-0223,1997,,,,,,,,,,,10.1002/(ISSN)1097-0223,Wiley Online Library,host,http://onlinelibrary.wiley.com/journal/10.1002/(ISSN)1097-0223,Wiley Online Library,administrative,
PSYCHO-ONCOLOGY,1057-9249,1099-1611,1997,,,,,,,,,,,10.1002/(ISSN)1099-1611,Wiley Online Library,host,http://onlinelibrary.wiley.com/journal/10.1002/(ISSN)1099-1611,Wiley Online Library,administrative,
RESEARCH IN NURSING & HEALTH,0160-6891,1098-240X,1997,,,,,,,,,,,10.1002/(ISSN)1098-240X,Wiley Online Library,host,http://onlinelibrary.wiley.com/journal/10.1002/(ISSN)1098-240X,Wiley Online Library,administrative,
REVIEWS IN MEDICAL VIROLOGY,1052-9276,1099-1654,1997,,,,,,,,,,,10.1002/(ISSN)1099-1654,Wiley Online Library,host,http://onlinelibrary.wiley.com/journal/10.1002/(ISSN)1099-1654,Wiley Online Library,administrative,
STRESS AND HEALTH,1532-3005,1532-2998,1997,,,,,,,,,,,10.1002/(ISSN)1532-2998,Wiley Online Library,host,http://onlinelibrary.wiley.com/journal/10.1002/(ISSN)1532-2998,Wiley Online Library,administrative,
THE JOURNAL OF PATHOLOGY,0022-3417,1096-9896,1997,,,,,,,,,,,10.1002/(ISSN)1096-9896,Wiley Online Library,host,http://onlinelibrary.wiley.com/journal/10.1002/(ISSN)1096-9896,Wiley Online Library,administrative,
THE PROSTATE,0270-4137,1097-0045,1997,,,,,,,,,,,10.1002/(ISSN)1097-0045,Wiley Online Library,host,http://onlinelibrary.wiley.com/journal/10.1002/(ISSN)1097-0045,Wiley Online Library,administrative,
ACADEMIC EMERGENCY MEDICINE,1069-6563,1553-2712,1997,2,,,,,,,,,,10.1111/(ISSN)1553-2712,Wiley Online Library,host,http://onlinelibrary.wiley.com/journal/10.1111/(ISSN)1553-2712,Wiley Online Library,administrative,
ACTA ANAESTHESIOLOGICA SCANDINAVICA,0001-5172,1399-6576,1997,41,,,,,,,,,,10.1111/(ISSN)1399-6576,Wiley Online Library,host,http://onlinelibrary.wiley.com/journal/10.1111/(ISSN)1399-6576,Wiley Online Library,administrative,
ACTA NEUROLOGICA SCANDINAVICA,0001-6314,1600-0404,1997,95,,,,,,,,,,10.1111/(ISSN)1600-0404,Wiley Online Library,host,http://onlinelibrary.wiley.com/journal/10.1111/(ISSN)1600-0404,Wiley Online Library,administrative,
ACTA OBSTETRICIA ET GYNECOLOGICA SCANDINAVICA,0001-6349,1600-0412,1997,76,,,,,,,,,,10.1111/(ISSN)1600-0412,Wiley Online Library,host,http://onlinelibrary.wiley.com/journal/10.1111/(ISSN)1600-0412,Wiley Online Library,administrative,
ACTA OPHTHALMOLOGICA,1755-375X,1755-3768,1997,75,,,,,,,,free back issues after 2 years back to Jan 1st 1997,,10.1111/(ISSN)1755-3768,Wiley Online Library,host,http://onlinelibrary.wiley.com/journal/10.1111/(ISSN)1755-3768,Wiley Online Library,administrative,
ACTA PAEDIATRICA,0803-5253,1651-2227,1997,86,,,,,,,,,,10.1111/(ISSN)1651-2227,Wiley Online Library,host,http://onlinelibrary.wiley.com/journal/10.1111/(ISSN)1651-2227,Wiley Online Library,administrative,
ACTA PHYSIOLOGICA,1748-1708,1748-1716,1997,159,,,,,,,,,,10.1111/(ISSN)1748-1716,Wiley Online Library,host,http://onlinelibrary.wiley.com/journal/10.1111/(ISSN)1748-1716,Wiley Online Library,administrative,
ACTA PSYCHIATRICA SCANDINAVICA,0001-690X,1600-0447,1997,95,,,,,,,,,,10.1111/(ISSN)1600-0447,Wiley Online Library,host,http://onlinelibrary.wiley.com/journal/10.1111/(ISSN)1600-0447,Wiley Online Library,administrative,
ADDICTION,0965-2140,1360-0443,1997,92,,,,,,,,,,10.1111/(ISSN)1360-0443,Wiley Online Library,host,http://onlinelibrary.wiley.com/journal/10.1111/(ISSN)1360-0443,Wiley Online Library,administrative,
ADDICTION BIOLOGY,1355-6215,1369-1600,1997,2,,,,,,,,,,10.1111/(ISSN)1369-1600,Wiley Online Library,host,http://onlinelibrary.wiley.com/journal/10.1111/(ISSN)1369-1600,Wiley Online Library,administrative,
ALCOHOLISM,0145-6008,1530-0277,1997,21,,,,,,,,,,10.1111/(ISSN)1530-0277,Wiley Online Library,host,http://onlinelibrary.wiley.com/journal/10.1111/(ISSN)1530-0277,Wiley Online Library,administrative,
ALIMENTARY PHARMACOLOGY & THERAPEUTICS,0269-2813,1365-2036,1997,11,,,,,,,,free back issues after 18 months back to Jan 1st 1997,,10.1111/(ISSN)1365-2036,Wiley Online Library,host,http://onlinelibrary.wiley.com/journal/10.1111/(ISSN)1365-2036,Wiley Online Library,administrative,
ALLERGY,0105-4538,1398-9995,1997,52,,,,,,,,free back issues after 2 years back to Jan 1st 1997,,10.1111/(ISSN)1398-9995,Wiley Online Library,host,http://onlinelibrary.wiley.com/journal/10.1111/(ISSN)1398-9995,Wiley Online Library,administrative,
AMERICAN JOURNAL OF ORTHOPSYCHIATRY,0002-9432,1939-0025,1997,67,,,,,,,,,,10.1111/(ISSN)1939-0025,Wiley Online Library,host,http://onlinelibrary.wiley.com/journal/10.1111/(ISSN)1939-0025,Wiley Online Library,administrative,
ANAESTHESIA,0003-2409,1365-2044,1997,52,,,,,,,,,,10.1111/(ISSN)1365-2044,Wiley Online Library,host,http://onlinelibrary.wiley.com/journal/10.1111/(ISSN)1365-2044,Wiley Online Library,administrative,
ANDROLOGIA (ELECTRONIC),0303-4569,1439-0272,1997,29,,,,,,,,,,10.1111/(ISSN)1439-0272,Wiley Online Library,host,http://onlinelibrary.wiley.com/journal/10.1111/(ISSN)1439-0272,Wiley Online Library,administrative,
ANIMAL GENETICS,0268-9146,1365-2052,1997,28,,,,,,,,,,10.1111/(ISSN)1365-2052,Wiley Online Library,host,http://onlinelibrary.wiley.com/journal/10.1111/(ISSN)1365-2052,Wiley Online Library,administrative,
ANNALS OF HUMAN GENETICS,0003-4800,1469-1809,1997,61,,,,,,,,free back issues after 2 years back to Jan 1st 1997,,10.1111/(ISSN)1469-1809,Wiley Online Library,host,http://onlinelibrary.wiley.com/journal/10.1111/(ISSN)1469-1809,Wiley Online Library,administrative,
ANNALS OF NONINVASIVE ELECTROCARDIOLOGY,1082-720X,1542-474X,1997,2,,,,,,,,,,10.1111/(ISSN)1542-474X,Wiley Online Library,host,http://onlinelibrary.wiley.com/journal/10.1111/(ISSN)1542-474X,Wiley Online Library,administrative,
ANZ JOURNAL OF SURGERY,1445-1433,1445-2197,1997,67,,,,,,,,,,10.1111/(ISSN)1445-2197,Wiley Online Library,host,http://onlinelibrary.wiley.com/journal/10.1111/(ISSN)1445-2197,Wiley Online Library,administrative,
APMIS,0903-4641,1600-0463,1997,105,,,,,,,,,,10.1111/(ISSN)1600-0463,Wiley Online Library,host,http://onlinelibrary.wiley.com/journal/10.1111/(ISSN)1600-0463,Wiley Online Library,administrative,
ARTIFICIAL ORGANS,0160-564X,1525-1594,1997,21,,,,,,,,,,10.1111/(ISSN)1525-1594,Wiley Online Library,host,http://onlinelibrary.wiley.com/journal/10.1111/(ISSN)1525-1594,Wiley Online Library,administrative,
AUSTRALASIAN JOURNAL OF DERMATOLOGY,0004-8380,1440-0960,1997,38,,,,,,,,,,10.1111/(ISSN)1440-0960,Wiley Online Library,host,http://onlinelibrary.wiley.com/journal/10.1111/(ISSN)1440-0960,Wiley Online Library,administrative,
AUSTRALASIAN JOURNAL ON AGEING,1440-6381,1741-6612,1997,14,,,,,,,,,,10.1111/(ISSN)1741-6612,Wiley Online Library,host,http://onlinelibrary.wiley.com/journal/10.1111/(ISSN)1741-6612,Wiley Online Library,administrative,
AUSTRALIAN AND NEW ZEALAND JOURNAL OF OBSTETRICS AND GYNAECOLOGY,0004-8666,1479-828X,1997,37,,,,,,,,,,10.1111/(ISSN)1479-828X,Wiley Online Library,host,http://onlinelibrary.wiley.com/journal/10.1111/(ISSN)1479-828X,Wiley Online Library,administrative,
AUSTRALIAN AND NEW ZEALAND JOURNAL OF PUBLIC HEALTH,1326-0200,1753-6405,1997,21,,,,,,,,,,10.1111/(ISSN)1753-6405,Wiley Online Library,host,http://onlinelibrary.wiley.com/journal/10.1111/(ISSN)1753-6405,Wiley Online Library,administrative,
AUSTRALIAN JOURNAL OF PSYCHOLOGY,0004-9530,1742-9536,1997,49,,,,,,,,,,10.1111/(ISSN)1742-9536,Wiley Online Library,host,http://onlinelibrary.wiley.com/journal/10.1111/(ISSN)1742-9536,Wiley Online Library,administrative,
AUSTRALIAN JOURNAL OF RURAL HEALTH,1038-5282,1440-1584,1997,5,,,,,,,,,,10.1111/(ISSN)1440-1584,Wiley Online Library,host,http://onlinelibrary.wiley.com/journal/10.1111/(ISSN)1440-1584,Wiley Online Library,administrative,
AUSTRALIAN PSYCHOLOGIST,0005-0067,1742-9544,1997,32,,,,,,,,,,10.1111/(ISSN)1742-9544,Wiley Online Library,host,http://onlinelibrary.wiley.com/journal/10.1111/(ISSN)1742-9544,Wiley Online Library,administrative,
AUTONOMIC & AUTACOID PHARMACOLOGY,1474-8665,1474-8673,1997,22,,,,,,,,,,10.1111/(ISSN)1474-8673,Wiley Online Library,host,http://onlinelibrary.wiley.com/journal/10.1111/(ISSN)1474-8673,Wiley Online Library,administrative,
BASIC AND CLINICAL PHARMACOLOGY & TOXICOLOGY,1742-7835,1742-7843,1997,80,,,,,,,,,,10.1111/(ISSN)1742-7843,Wiley Online Library,host,http://onlinelibrary.wiley.com/journal/10.1111/(ISSN)1742-7843,Wiley Online Library,administrative,
BIOETHICS,0269-9702,1467-8519,1997,11,,,,,,,,,,10.1111/(ISSN)1467-8519,Wiley Online Library,host,http://onlinelibrary.wiley.com/journal/10.1111/(ISSN)1467-8519,Wiley Online Library,administrative,
BIOLOGICAL REVIEWS,1464-7931,1469-185X,1997,72,,,,,,,,,,10.1111/(ISSN)1469-185X,Wiley Online Library,host,http://onlinelibrary.wiley.com/journal/10.1111/(ISSN)1469-185X,Wiley Online Library,administrative,
BIRTH,0730-7659,1523-536X,1997,24,,,,,,,,,,10.1111/(ISSN)1523-536X,Wiley Online Library,host,http://onlinelibrary.wiley.com/journal/10.1111/(ISSN)1523-536X,Wiley Online Library,administrative,
BJOG : AN INTERNATIONAL JOURNAL OF OBSTETRICS & GYNAECOLOGY,1470-0328,1471-0528,1997,104,,,,,,,,,,10.1111/(ISSN)1471-0528,Wiley Online Library,host,http://onlinelibrary.wiley.com/journal/10.1111/(ISSN)1471-0528,Wiley Online Library,administrative,
BJU INTERNATIONAL,1464-4096,1464-410X,1997,79,,,,,,,,free back issues after 1 year back to Jan 1st 1997,,10.1111/(ISSN)1464-410X,Wiley Online Library,host,http://onlinelibrary.wiley.com/journal/10.1111/(ISSN)1464-410X,Wiley Online Library,administrative,
BRAIN PATHOLOGY,1015-6305,1750-3639,1997,7,,,,,,,,,,10.1111/(ISSN)1750-3639,Wiley Online Library,host,http://onlinelibrary.wiley.com/journal/10.1111/(ISSN)1750-3639,Wiley Online Library,administrative,
BRITISH JOURNAL OF CLINICAL PHARMACOLOGY,0306-5251,1365-2125,1997,43,,,,,,,,free back issues after 1 year back to 1997,,10.1111/(ISSN)1365-2125,Wiley Online Library,host,http://onlinelibrary.wiley.com/journal/10.1111/(ISSN)1365-2125,Wiley Online Library,administrative,
BRITISH JOURNAL OF DERMATOLOGY,0007-0963,1365-2133,1997,136,,,,,,,,,,10.1111/(ISSN)1365-2133,Wiley Online Library,host,http://onlinelibrary.wiley.com/journal/10.1111/(ISSN)1365-2133,Wiley Online Library,administrative,
BRITISH JOURNAL OF EDUCATIONAL PSYCHOLOGY,0007-0998,2044-8279,1997,67,,,,,,,,,,10.1111/(ISSN)2044-8279,Wiley Online Library,host,http://onlinelibrary.wiley.com/journal/10.1111/(ISSN)2044-8279,Wiley Online Library,administrative,
BRITISH JOURNAL OF HAEMATOLOGY,0007-1048,1365-2141,1997,100,,,,,,,,,,10.1111/(ISSN)1365-2141,Wiley Online Library,host,http://onlinelibrary.wiley.com/journal/10.1111/(ISSN)1365-2141,Wiley Online Library,administrative,
BRITISH JOURNAL OF LEARNING DISABILITIES,1354-4187,1468-3156,1997,25,,,,,,,,,,10.1111/(ISSN)1468-3156,Wiley Online Library,host,http://onlinelibrary.wiley.com/journal/10.1111/(ISSN)1468-3156,Wiley Online Library,administrative,
BRITISH JOURNAL OF PSYCHOLOGY,0007-1269,2044-8295,1997,88,,,,,,,,,,10.1111/(ISSN)2044-8295,Wiley Online Library,host,http://onlinelibrary.wiley.com/journal/10.1111/(ISSN)2044-8295,Wiley Online Library,administrative,
BRITISH JOURNAL OF PSYCHOTHERAPY,0265-9883,1752-0118,1997,13,,,,,,,,,,10.1111/(ISSN)1752-0118,Wiley Online Library,host,http://onlinelibrary.wiley.com/journal/10.1111/(ISSN)1752-0118,Wiley Online Library,administrative,
CA: A CANCER JOURNAL FOR CLINICIANS,0007-9235,1542-4863,1997,47,,,,,,,,,,10.3322/(ISSN)1542-4863,Wiley Online Library,host,http://onlinelibrary.wiley.com/journal/10.3322/(ISSN)1542-4863,Wiley Online Library,administrative,
CANCER,0008-543X,1097-0142,1997,79,,,,,,,,"free back issues after 1 year back to Vol 1, 1948",,10.1002/(ISSN)1097-0142,Wiley Online Library,host,http://onlinelibrary.wiley.com/journal/10.1002/(ISSN)1097-0142,Wiley Online Library,administrative,
CANCER CYTOPATHOLOGY,1934-662X,1934-6638,1997,117,,,,,,,,free back issues after 12 months,,10.1002/(ISSN)1934-6638,Wiley Online Library,host,http://onlinelibrary.wiley.com/journal/10.1002/(ISSN)1934-6638,Wiley Online Library,administrative,
CANCER SCIENCE,1347-9032,1349-7006,1997,88,,,,,,,,free back issues after 2 years back to 1988,,10.1111/(ISSN)1349-7006,Wiley Online Library,host,http://onlinelibrary.wiley.com/journal/10.1111/(ISSN)1349-7006,Wiley Online Library,administrative,
CARDIOVASCULAR THERAPEUTICS,1755-5914,1755-5922,1997,15,,,,,,,,free back issues afterr 1 year back to 1997,,10.1111/(ISSN)1755-5922,Wiley Online Library,host,http://onlinelibrary.wiley.com/journal/10.1111/(ISSN)1755-5922,Wiley Online Library,administrative,
CELL PROLIFERATION,0960-7722,1365-2184,1997,30,,,,,,,,,,10.1111/(ISSN)1365-2184,Wiley Online Library,host,http://onlinelibrary.wiley.com/journal/10.1111/(ISSN)1365-2184,Wiley Online Library,administrative,
CHEMICAL BIOLOGY & DRUG DESIGN (ELECTRONIC),1747-0277,1747-0285,1997,49,,,,,,,,,,10.1111/(ISSN)1747-0285,Wiley Online Library,host,http://onlinelibrary.wiley.com/journal/10.1111/(ISSN)1747-0285,Wiley Online Library,administrative,
CHILD & FAMILY SOCIAL WORK,1356-7500,1365-2206,1997,2,,,,,,,,,,10.1111/(ISSN)1365-2206,Wiley Online Library,host,http://onlinelibrary.wiley.com/journal/10.1111/(ISSN)1365-2206,Wiley Online Library,administrative,
CHILD AND ADOLESCENT MENTAL HEALTH,1475-357X,1475-3588,1997,2,,,,,,,,,,10.1111/(ISSN)1475-3588,Wiley Online Library,host,http://onlinelibrary.wiley.com/journal/10.1111/(ISSN)1475-3588,Wiley Online Library,administrative,
CHILD DEVELOPMENT,0009-3920,1467-8624,1997,68,,,,,,,,,,10.1111/(ISSN)1467-8624,Wiley Online Library,host,http://onlinelibrary.wiley.com/journal/10.1111/(ISSN)1467-8624,Wiley Online Library,administrative,
"CHILD: CARE, HEALTH AND DEVELOPMENT",0305-1862,1365-2214,1997,23,,,,,,,,,,10.1111/(ISSN)1365-2214,Wiley Online Library,host,http://onlinelibrary.wiley.com/journal/10.1111/(ISSN)1365-2214,Wiley Online Library,administrative,
CLINICAL & EXPERIMENTAL ALLERGY,0954-7894,1365-2222,1997,27,,,,,,,,,,10.1111/(ISSN)1365-2222,Wiley Online Library,host,http://onlinelibrary.wiley.com/journal/10.1111/(ISSN)1365-2222,Wiley Online Library,administrative,
CLINICAL & EXPERIMENTAL DERMATOLOGY,0307-6938,1365-2230,1997,22,,,,,,,,,,10.1111/(ISSN)1365-2230,Wiley Online Library,host,http://onlinelibrary.wiley.com/journal/10.1111/(ISSN)1365-2230,Wiley Online Library,administrative,
CLINICAL & EXPERIMENTAL IMMUNOLOGY,0009-9104,1365-2249,1997,107,,,,,,,,free back issues after 1 year back to 1990,,10.1111/(ISSN)1365-2249,Wiley Online Library,host,http://onlinelibrary.wiley.com/journal/10.1111/(ISSN)1365-2249,Wiley Online Library,administrative,
CLINICAL & EXPERIMENTAL OPHTHALMOLOGY,1442-6404,1442-9071,1997,25,,,,,,,,,,10.1111/(ISSN)1442-9071,Wiley Online Library,host,http://onlinelibrary.wiley.com/journal/10.1111/(ISSN)1442-9071,Wiley Online Library,administrative,
CLINICAL AND EXPERIMENTAL OPTOMETRY,0816-4622,1444-0938,1997,80,,,,,,,,,,10.1111/(ISSN)1444-0938,Wiley Online Library,host,http://onlinelibrary.wiley.com/journal/10.1111/(ISSN)1444-0938,Wiley Online Library,administrative,
CLINICAL AND EXPERIMENTAL PHARMACOLOGY AND PHYSIOLOGY (ELECTRONIC),0305-1870,1440-1681,1997,24,,,,,,,,,,10.1111/(ISSN)1440-1681,Wiley Online Library,host,http://onlinelibrary.wiley.com/journal/10.1111/(ISSN)1440-1681,Wiley Online Library,administrative,
CLINICAL ENDOCRINOLOGY,0300-0664,1365-2265,1997,46,,,,,,,,,,10.1111/(ISSN)1365-2265,Wiley Online Library,host,http://onlinelibrary.wiley.com/journal/10.1111/(ISSN)1365-2265,Wiley Online Library,administrative,
CLINICAL GENETICS,0009-9163,1399-0004,1997,51,,,,,,,,,,10.1111/(ISSN)1399-0004,Wiley Online Library,host,http://onlinelibrary.wiley.com/journal/10.1111/(ISSN)1399-0004,Wiley Online Library,administrative,
CLINICAL MICROBIOLOGY AND INFECTION,1198-743X,1469-0691,1997,3,,,,,,,,free back issues after 2 years back to Jan 1st 1997,,10.1111/(ISSN)1469-0691,Wiley Online Library,host,http://onlinelibrary.wiley.com/journal/10.1111/(ISSN)1469-0691,Wiley Online Library,administrative,
CLINICAL OTOLARYNGOLOGY,1749-4478,1749-4486,1997,22,,,,,,,,,,10.1111/(ISSN)1749-4486,Wiley Online Library,host,http://onlinelibrary.wiley.com/journal/10.1111/(ISSN)1749-4486,Wiley Online Library,administrative,
CLINICAL PHYSIOLOGY AND FUNCTIONAL IMAGING,1475-0961,1475-097X,1997,17,,,,,,,,,,10.1111/(ISSN)1475-097X,Wiley Online Library,host,http://onlinelibrary.wiley.com/journal/10.1111/(ISSN)1475-097X,Wiley Online Library,administrative,
CLINICAL PSYCHOLOGY AND PSYCHOTHERAPY (AN INTERNATIONAL JOURNAL OF THEORY & PRACTICE),1063-3995,1099-0879,1997,1,,,,,,,,,,10.1002/(ISSN)1099-0879,Wiley Online Library,host,http://onlinelibrary.wiley.com/journal/10.1002/(ISSN)1099-0879,Wiley Online Library,administrative,
CNS: NEUROSCIENCE AND THERAPEUTICS,1755-5930,1755-5949,1997,3,,,,,,,,,,10.1111/(ISSN)1755-5949,Wiley Online Library,host,http://onlinelibrary.wiley.com/journal/10.1111/(ISSN)1755-5949,Wiley Online Library,administrative,
CONGENITAL ANOMALIES,0914-3505,1741-4520,1997,37,,,,,,,,,,10.1111/(ISSN)1741-4520,Wiley Online Library,host,http://onlinelibrary.wiley.com/journal/10.1111/(ISSN)1741-4520,Wiley Online Library,administrative,
CONTACT DERMATITIS,0105-1873,1600-0536,1997,36,,,,,,,,,,10.1111/(ISSN)1600-0536,Wiley Online Library,host,http://onlinelibrary.wiley.com/journal/10.1111/(ISSN)1600-0536,Wiley Online Library,administrative,
CYTOPATHOLOGY,0956-5507,1365-2303,1997,8,,,,,,,,,,10.1111/(ISSN)1365-2303,Wiley Online Library,host,http://onlinelibrary.wiley.com/journal/10.1111/(ISSN)1365-2303,Wiley Online Library,administrative,
DERMATOLOGIC SURGERY,1076-0512,1524-4725,1997,23,,,,,,,,,,10.1111/(ISSN)1524-4725,Wiley Online Library,host,http://onlinelibrary.wiley.com/journal/10.1111/(ISSN)1524-4725,Wiley Online Library,administrative,
DEVELOPMENTAL MEDICINE & CHILD NEUROLOGY,0012-1622,1469-8749,1997,39,,,,,,,,free back issues after 1 year back to Jan 1st 1997,,10.1111/(ISSN)1469-8749,Wiley Online Library,host,http://onlinelibrary.wiley.com/journal/10.1111/(ISSN)1469-8749,Wiley Online Library,administrative,
DIABETIC MEDICINE,0742-3071,1464-5491,1997,14,,,,,,,,,,10.1111/(ISSN)1464-5491,Wiley Online Library,host,http://onlinelibrary.wiley.com/journal/10.1111/(ISSN)1464-5491,Wiley Online Library,administrative,
DIGESTIVE ENDOSCOPY,0915-5635,1443-1661,1997,9,,,,,,,,,,10.1111/(ISSN)1443-1661,Wiley Online Library,host,http://onlinelibrary.wiley.com/journal/10.1111/(ISSN)1443-1661,Wiley Online Library,administrative,
DRUG AND ALCOHOL REVIEW,0959-5236,1465-3362,1997,16,,,,,,,,,,10.1111/(ISSN)1465-3362,Wiley Online Library,host,http://onlinelibrary.wiley.com/journal/10.1111/(ISSN)1465-3362,Wiley Online Library,administrative,
ECHOCARDIOGRAPHY,0742-2822,1540-8175,1997,14,,,,,,,,,,10.1111/(ISSN)1540-8175,Wiley Online Library,host,http://onlinelibrary.wiley.com/journal/10.1111/(ISSN)1540-8175,Wiley Online Library,administrative,
EMERGENCY MEDICINE AUSTRALASIA,1742-6731,1742-6723,1997,9,,,,,,,,,,10.1111/(ISSN)1742-6723,Wiley Online Library,host,http://onlinelibrary.wiley.com/journal/10.1111/(ISSN)1742-6723,Wiley Online Library,administrative,
EPILEPSIA,0013-9580,1528-1167,1997,38,,,,,,,,free back issues after 1 year back to Jan 1st 1997,,10.1111/(ISSN)1528-1167,Wiley Online Library,host,http://onlinelibrary.wiley.com/journal/10.1111/(ISSN)1528-1167,Wiley Online Library,administrative,
ETHOS,0091-2131,1548-1352,1997,25,,,,,,,,,,10.1111/(ISSN)1548-1352,Wiley Online Library,host,http://onlinelibrary.wiley.com/journal/10.1111/(ISSN)1548-1352,Wiley Online Library,administrative,
EUROPEAN JOURNAL OF CANCER CARE,0961-5423,1365-2354,1997,6,,,,,,,,,,10.1111/(ISSN)1365-2354,Wiley Online Library,host,http://onlinelibrary.wiley.com/journal/10.1111/(ISSN)1365-2354,Wiley Online Library,administrative,
EUROPEAN JOURNAL OF CLINICAL INVESTIGATION,0014-2972,1365-2362,1997,28,,,,,,,,,,10.1111/(ISSN)1365-2362,Wiley Online Library,host,http://onlinelibrary.wiley.com/journal/10.1111/(ISSN)1365-2362,Wiley Online Library,administrative,
EUROPEAN JOURNAL OF HAEMATOLOGY,0902-4441,1600-0609,1997,28,,,,,,,,,,10.1111/(ISSN)1600-0609,Wiley Online Library,host,http://onlinelibrary.wiley.com/journal/10.1111/(ISSN)1600-0609,Wiley Online Library,administrative,
EUROPEAN JOURNAL OF NEUROSCIENCE,0953-816X,1460-9568,1997,9,,,,,,,,,,10.1111/(ISSN)1460-9568,Wiley Online Library,host,http://onlinelibrary.wiley.com/journal/10.1111/(ISSN)1460-9568,Wiley Online Library,administrative,
EXPERIMENTAL DERMATOLOGY,0906-6705,1600-0625,1997,6,,,,,,,,,,10.1111/(ISSN)1600-0625,Wiley Online Library,host,http://onlinelibrary.wiley.com/journal/10.1111/(ISSN)1600-0625,Wiley Online Library,administrative,
FEBS JOURNAL,1742-464X,1742-4658,1997,272,,,,,,,,free back issues after 1 year back to 2005. Previous title European Journal of Biochemistry content from 1967 - 2004,,10.1111/(ISSN)1742-4658,Wiley Online Library,host,http://onlinelibrary.wiley.com/journal/10.1111/(ISSN)1742-4658,Wiley Online Library,administrative,
FEMS IMMUNOLOGY & MEDICAL MICROBIOLOGY,0928-8244,1574-695X,1997,17,,,,,,,,,,10.1111/(ISSN)1574-695X,Wiley Online Library,host,http://onlinelibrary.wiley.com/journal/10.1111/(ISSN)1574-695X,Wiley Online Library,administrative,
FUNDAMENTAL & CLINICAL PHARMACOLOGY,0767-3981,1472-8206,1997,11,,,,,,,,,,10.1111/(ISSN)1472-8206,Wiley Online Library,host,http://onlinelibrary.wiley.com/journal/10.1111/(ISSN)1472-8206,Wiley Online Library,administrative,
HAEMOPHILIA,1351-8216,1365-2516,1997,3,,,,,,,,,,10.1111/(ISSN)1365-2516,Wiley Online Library,host,http://onlinelibrary.wiley.com/journal/10.1111/(ISSN)1365-2516,Wiley Online Library,administrative,
HEADACHE,0017-8748,1526-4610,1997,37,,,,,,,,,,10.1111/(ISSN)1526-4610,Wiley Online Library,host,http://onlinelibrary.wiley.com/journal/10.1111/(ISSN)1526-4610,Wiley Online Library,administrative,
HEALTH & SOCIAL CARE IN THE COMMUNITY,0966-0410,1365-2524,1997,5,,,,,,,,,,10.1111/(ISSN)1365-2524,Wiley Online Library,host,http://onlinelibrary.wiley.com/journal/10.1111/(ISSN)1365-2524,Wiley Online Library,administrative,
HELICOBACTER (ELECTRONIC),1083-4389,1523-5378,1997,2,,,,,,,,,,10.1111/(ISSN)1523-5378,Wiley Online Library,host,http://onlinelibrary.wiley.com/journal/10.1111/(ISSN)1523-5378,Wiley Online Library,administrative,
HISTOPATHOLOGY,0309-0167,1365-2559,1997,32,,,,,,,,,,10.1111/(ISSN)1365-2559,Wiley Online Library,host,http://onlinelibrary.wiley.com/journal/10.1111/(ISSN)1365-2559,Wiley Online Library,administrative,
IMMUNOLOGICAL REVIEWS,0105-2896,1600-065X,1997,155,,,,,,,,,,10.1111/(ISSN)1600-065X,Wiley Online Library,host,http://onlinelibrary.wiley.com/journal/10.1111/(ISSN)1600-065X,Wiley Online Library,administrative,
IMMUNOLOGY,0019-2805,1365-2567,1997,90,,,,,,,,free back issues after 1 year back to 1996,,10.1111/(ISSN)1365-2567,Wiley Online Library,host,http://onlinelibrary.wiley.com/journal/10.1111/(ISSN)1365-2567,Wiley Online Library,administrative,
INDOOR AIR,0905-6947,1600-0668,1997,7,,,,,,,,,,10.1111/(ISSN)1600-0668,Wiley Online Library,host,http://onlinelibrary.wiley.com/journal/10.1111/(ISSN)1600-0668,Wiley Online Library,administrative,
INSECT MOLECULAR BIOLOGY,0962-1075,1365-2583,1997,6,,,,,,,,,,10.1111/(ISSN)1365-2583,Wiley Online Library,host,http://onlinelibrary.wiley.com/journal/10.1111/(ISSN)1365-2583,Wiley Online Library,administrative,
INTERNAL MEDICINE JOURNAL,1444-0903,1445-5994,1997,27,,,,,,,,,,10.1111/(ISSN)1445-5994,Wiley Online Library,host,http://onlinelibrary.wiley.com/journal/10.1111/(ISSN)1445-5994,Wiley Online Library,administrative,
INTERNATIONAL JOURNAL OF ANDROLOGY,0105-6263,1365-2605,1997,20,,,,,,,,,,10.1111/(ISSN)1365-2605,Wiley Online Library,host,http://onlinelibrary.wiley.com/journal/10.1111/(ISSN)1365-2605,Wiley Online Library,administrative,
INTERNATIONAL JOURNAL OF COSMETIC SCIENCE,0142-5463,1468-2494,1997,19,,,,,,,,,,10.1111/(ISSN)1468-2494,Wiley Online Library,host,http://onlinelibrary.wiley.com/journal/10.1111/(ISSN)1468-2494,Wiley Online Library,administrative,
INTERNATIONAL JOURNAL OF DERMATOLOGY,0011-9059,1365-4632,1997,36,,,,,,,,,,10.1111/(ISSN)1365-4632,Wiley Online Library,host,http://onlinelibrary.wiley.com/journal/10.1111/(ISSN)1365-4632,Wiley Online Library,administrative,
INTERNATIONAL JOURNAL OF EXPERIMENTAL PATHOLOGY,0959-9673,1365-2613,1997,78,,,,,,,,,,10.1111/(ISSN)1365-2613,Wiley Online Library,host,http://onlinelibrary.wiley.com/journal/10.1111/(ISSN)1365-2613,Wiley Online Library,administrative,
INTERNATIONAL JOURNAL OF IMMUNOGENETICS,1744-3121,1744-313X,1997,24,,,,,,,,,,10.1111/(ISSN)1744-313X,Wiley Online Library,host,http://onlinelibrary.wiley.com/journal/10.1111/(ISSN)1744-313X,Wiley Online Library,administrative,
INTERNATIONAL JOURNAL OF LABORATORY HEMATOLOGY,1751-5521,1751-553X,1997,19,,,,,,,,,,10.1111/(ISSN)1751-553X,Wiley Online Library,host,http://onlinelibrary.wiley.com/journal/10.1111/(ISSN)1751-553X,Wiley Online Library,administrative,
INTERNATIONAL JOURNAL OF LANGUAGE & COMMUNICATION DISORDERS,1368-2822,1460-6984,1997,32,,,,,,,,,,10.1111/(ISSN)1460-6984,Wiley Online Library,host,http://onlinelibrary.wiley.com/journal/10.1111/(ISSN)1460-6984,Wiley Online Library,administrative,
INTERNATIONAL JOURNAL OF NURSING PRACTICE,1322-7114,1440-172X,1997,3,,,,,,,,,,10.1111/(ISSN)1440-172X,Wiley Online Library,host,http://onlinelibrary.wiley.com/journal/10.1111/(ISSN)1440-172X,Wiley Online Library,administrative,
INTERNATIONAL JOURNAL OF UROLOGY,0919-8172,1442-2042,1997,4,,,,,,,,,,10.1111/(ISSN)1442-2042,Wiley Online Library,host,http://onlinelibrary.wiley.com/journal/10.1111/(ISSN)1442-2042,Wiley Online Library,administrative,
JOURNAL FOR SPECIALISTS IN PEDIATRIC NURSING,1539-0136,1744-6155,1997,2,,,,,,,,,,10.1111/(ISSN)1744-6155,Wiley Online Library,host,http://onlinelibrary.wiley.com/journal/10.1111/(ISSN)1744-6155,Wiley Online Library,administrative,
JOURNAL OF ADVANCED NURSING,0309-2402,1365-2648,1997,25,,,,,,,,,,10.1111/(ISSN)1365-2648,Wiley Online Library,host,http://onlinelibrary.wiley.com/journal/10.1111/(ISSN)1365-2648,Wiley Online Library,administrative,
JOURNAL OF ANATOMY,0021-8782,1469-7580,1997,190,,,,,,,,free back issues after 2 years back to 1997,,10.1111/(ISSN)1469-7580,Wiley Online Library,host,http://onlinelibrary.wiley.com/journal/10.1111/(ISSN)1469-7580,Wiley Online Library,administrative,
JOURNAL OF APPLIED RESEARCH IN INTELLECTUAL DISABILITIES,1360-2322,1468-3148,1997,10,,,,,,,,,,10.1111/(ISSN)1468-3148,Wiley Online Library,host,http://onlinelibrary.wiley.com/journal/10.1111/(ISSN)1468-3148,Wiley Online Library,administrative,
JOURNAL OF CARDIAC SURGERY,0886-0440,1540-8191,1997,12,,,,,,,,,,10.1111/(ISSN)1540-8191,Wiley Online Library,host,http://onlinelibrary.wiley.com/journal/10.1111/(ISSN)1540-8191,Wiley Online Library,administrative,
JOURNAL OF CARDIOVASCULAR ELECTROPHYSIOLOGY,1045-3873,1540-8167,1997,8,,,,,,,,,,10.1111/(ISSN)1540-8167,Wiley Online Library,host,http://onlinelibrary.wiley.com/journal/10.1111/(ISSN)1540-8167,Wiley Online Library,administrative,
JOURNAL OF CHILD AND ADOLESCENT PSYCHIATRIC NURSING,1073-6077,1744-6171,1997,10,,,,,,,,,,10.1111/(ISSN)1744-6171,Wiley Online Library,host,http://onlinelibrary.wiley.com/journal/10.1111/(ISSN)1744-6171,Wiley Online Library,administrative,
JOURNAL OF CLINICAL NURSING,0962-1067,1365-2702,1997,6,,,,,,,,,,10.1111/(ISSN)1365-2702,Wiley Online Library,host,http://onlinelibrary.wiley.com/journal/10.1111/(ISSN)1365-2702,Wiley Online Library,administrative,
JOURNAL OF CLINICAL PHARMACY & THERAPEUTICS,0269-4727,1365-2710,1997,22,,,,,,,,,,10.1111/(ISSN)1365-2710,Wiley Online Library,host,http://onlinelibrary.wiley.com/journal/10.1111/(ISSN)1365-2710,Wiley Online Library,administrative,
JOURNAL OF CUTANEOUS PATHOLOGY,0303-6987,1600-0560,1997,24,,,,,,,,,,10.1111/(ISSN)1600-0560,Wiley Online Library,host,http://onlinelibrary.wiley.com/journal/10.1111/(ISSN)1600-0560,Wiley Online Library,administrative,
JOURNAL OF EVALUATION IN CLINICAL PRACTICE (ELECTRONIC),1356-1294,1365-2753,1997,3,,,,,,,,,,10.1111/(ISSN)1365-2753,Wiley Online Library,host,http://onlinelibrary.wiley.com/journal/10.1111/(ISSN)1365-2753,Wiley Online Library,administrative,
JOURNAL OF FAMILY THERAPY,0163-4445,1467-6427,1997,19,,,,,,,,free back issues after 2000 back to 1979,,10.1111/(ISSN)1467-6427,Wiley Online Library,host,http://onlinelibrary.wiley.com/journal/10.1111/(ISSN)1467-6427,Wiley Online Library,administrative,
JOURNAL OF GASTROENTEROLOGY AND HEPATOLOGY,0815-9319,1440-1746,1997,12,,,,,,,,,,10.1111/(ISSN)1440-1746,Wiley Online Library,host,http://onlinelibrary.wiley.com/journal/10.1111/(ISSN)1440-1746,Wiley Online Library,administrative,
JOURNAL OF HUMAN NUTRITION & DIETETICS,0952-3871,1365-277X,1997,10,,,,,,,,,,10.1111/(ISSN)1365-277X,Wiley Online Library,host,http://onlinelibrary.wiley.com/journal/10.1111/(ISSN)1365-277X,Wiley Online Library,administrative,
JOURNAL OF INTELLECTUAL DISABILITY RESEARCH,0964-2633,1365-2788,1997,41,,,,,,,,,,10.1111/(ISSN)1365-2788,Wiley Online Library,host,http://onlinelibrary.wiley.com/journal/10.1111/(ISSN)1365-2788,Wiley Online Library,administrative,
JOURNAL OF INTERNAL MEDICINE,0954-6820,1365-2796,1997,241,,,,,,,,free back issues after 2 years back to Jan 1st 1997,,10.1111/(ISSN)1365-2796,Wiley Online Library,host,http://onlinelibrary.wiley.com/journal/10.1111/(ISSN)1365-2796,Wiley Online Library,administrative,
JOURNAL OF INTERVENTIONAL CARDIOLOGY,0896-4327,1540-8183,1997,10,,,,,,,,,,10.1111/(ISSN)1540-8183,Wiley Online Library,host,http://onlinelibrary.wiley.com/journal/10.1111/(ISSN)1540-8183,Wiley Online Library,administrative,
JOURNAL OF MEDICAL IMAGING AND RADIATION ONCOLOGY,1754-9477,1754-9485,1997,41,,,,,,,,,,10.1111/(ISSN)1754-9485,Wiley Online Library,host,http://onlinelibrary.wiley.com/journal/10.1111/(ISSN)1754-9485,Wiley Online Library,administrative,
JOURNAL OF MIDWIFERY AND WOMEN'S HEALTH,1526-9523,1542-2011,1997,42,,,,,,,,,,10.1111/(ISSN)1542-2011,Wiley Online Library,host,http://onlinelibrary.wiley.com/journal/10.1111/(ISSN)1542-2011,Wiley Online Library,administrative,
JOURNAL OF NEUROCHEMISTRY,0022-3042,1471-4159,1997,68,,,,,,,,free back issues after 1 year back to Jan 1st 1997,,10.1111/(ISSN)1471-4159,Wiley Online Library,host,http://onlinelibrary.wiley.com/journal/10.1111/(ISSN)1471-4159,Wiley Online Library,administrative,
JOURNAL OF NEUROENDOCRINOLOGY,0953-8194,1365-2826,1997,9,,,,,,,,,,10.1111/(ISSN)1365-2826,Wiley Online Library,host,http://onlinelibrary.wiley.com/journal/10.1111/(ISSN)1365-2826,Wiley Online Library,administrative,
JOURNAL OF NURSING MANAGEMENT,0966-0429,1365-2834,1997,5,,,,,,,,,,10.1111/(ISSN)1365-2834,Wiley Online Library,host,http://onlinelibrary.wiley.com/journal/10.1111/(ISSN)1365-2834,Wiley Online Library,administrative,
JOURNAL OF NURSING SCHOLARSHIP,1527-6546,1547-5069,1997,29,,,,,,,,,,10.1111/(ISSN)1547-5069,Wiley Online Library,host,http://onlinelibrary.wiley.com/journal/10.1111/(ISSN)1547-5069,Wiley Online Library,administrative,
"JOURNAL OF OBSTETRIC, GYNECOLOGIC & NEONATAL NURSING",0884-2175,1552-6909,1997,26,,,,,,,,,,10.1111/(ISSN)1552-6909,Wiley Online Library,host,http://onlinelibrary.wiley.com/journal/10.1111/(ISSN)1552-6909,Wiley Online Library,administrative,
JOURNAL OF OBSTETRICS AND GYNAECOLOGY RESEARCH (ELECTRONIC),1341-8076,1447-0756,1997,23,,,,,,,,,,10.1111/(ISSN)1447-0756,Wiley Online Library,host,http://onlinelibrary.wiley.com/journal/10.1111/(ISSN)1447-0756,Wiley Online Library,administrative,
JOURNAL OF ORAL PATHOLOGY & MEDICINE,0904-2512,1600-0714,1997,26,,,,,,,,,,10.1111/(ISSN)1600-0714,Wiley Online Library,host,http://onlinelibrary.wiley.com/journal/10.1111/(ISSN)1600-0714,Wiley Online Library,administrative,
JOURNAL OF PAEDIATRICS AND CHILD HEALTH,1034-4810,1440-1754,1997,33,,,,,,,,,,10.1111/(ISSN)1440-1754,Wiley Online Library,host,http://onlinelibrary.wiley.com/journal/10.1111/(ISSN)1440-1754,Wiley Online Library,administrative,
JOURNAL OF PHARMACY AND PHARMACOLOGY: AN INTERNATIONAL JOURNAL OF PHARMACEUTICAL SCIENCE,0022-3573,2042-7158,1997,49,,,,,,,,,,10.1111/(ISSN)2042-7158,Wiley Online Library,host,http://onlinelibrary.wiley.com/journal/10.1111/(ISSN)2042-7158,Wiley Online Library,administrative,
JOURNAL OF PINEAL RESEARCH (ELECTRONIC),0742-3098,1600-079X,1997,22,,,,,,,,,,10.1111/(ISSN)1600-079X,Wiley Online Library,host,http://onlinelibrary.wiley.com/journal/10.1111/(ISSN)1600-079X,Wiley Online Library,administrative,
JOURNAL OF PSYCHIATRIC & MENTAL HEALTH NURSING,1351-0126,1365-2850,1997,4,,,,,,,,,,10.1111/(ISSN)1365-2850,Wiley Online Library,host,http://onlinelibrary.wiley.com/journal/10.1111/(ISSN)1365-2850,Wiley Online Library,administrative,
JOURNAL OF SCHOOL HEALTH,0022-4391,1746-1561,1997,67,,,,,,,,,,10.1111/(ISSN)1746-1561,Wiley Online Library,host,http://onlinelibrary.wiley.com/journal/10.1111/(ISSN)1746-1561,Wiley Online Library,administrative,
JOURNAL OF SLEEP RESEARCH,0962-1105,1365-2869,1997,6,,,,,,,,free back issues after 1 year back to Jan 1st 1997,,10.1111/(ISSN)1365-2869,Wiley Online Library,host,http://onlinelibrary.wiley.com/journal/10.1111/(ISSN)1365-2869,Wiley Online Library,administrative,
JOURNAL OF THE AMERICAN ACADEMY OF NURSE PRACTITIONERS,1041-2972,1745-7599,1997,9,,,,,,,,,,10.1111/(ISSN)1745-7599,Wiley Online Library,host,http://onlinelibrary.wiley.com/journal/10.1111/(ISSN)1745-7599,Wiley Online Library,administrative,
JOURNAL OF THE EUROPEAN ACADEMY OF DERMATOLOGY & VENEREOLOGY,0926-9959,1468-3083,1997,8,,,,,,,,,,10.1111/(ISSN)1468-3083,Wiley Online Library,host,http://onlinelibrary.wiley.com/journal/10.1111/(ISSN)1468-3083,Wiley Online Library,administrative,
JOURNAL OF TRAVEL MEDICINE,1195-1982,1708-8305,1997,4,,,,,,,,free back issues after 1 year back to 1994,,10.1111/(ISSN)1708-8305,Wiley Online Library,host,http://onlinelibrary.wiley.com/journal/10.1111/(ISSN)1708-8305,Wiley Online Library,administrative,
JOURNAL OF VIRAL HEPATITIS,1352-0504,1365-2893,1997,4,,,,,,,,,,10.1111/(ISSN)1365-2893,Wiley Online Library,host,http://onlinelibrary.wiley.com/journal/10.1111/(ISSN)1365-2893,Wiley Online Library,administrative,
LIVER INTERNATIONAL,1478-3223,1478-3231,1997,17,,,,,,,,,,10.1111/(ISSN)1478-3231,Wiley Online Library,host,http://onlinelibrary.wiley.com/journal/10.1111/(ISSN)1478-3231,Wiley Online Library,administrative,
MEDICAL AND VETERINARY ENTOMOLOGY,0269-283X,1365-2915,1997,11,,,,,,,,,,10.1111/(ISSN)1365-2915,Wiley Online Library,host,http://onlinelibrary.wiley.com/journal/10.1111/(ISSN)1365-2915,Wiley Online Library,administrative,
MEDICAL ANTHROPOLOGY QUARTERLY,0745-5194,1548-1387,1997,11,,,,,,,,,,10.1111/(ISSN)1548-1387,Wiley Online Library,host,http://onlinelibrary.wiley.com/journal/10.1111/(ISSN)1548-1387,Wiley Online Library,administrative,
MEDICAL EDUCATION,0308-0110,1365-2923,1997,31,,,,,,,,,,10.1111/(ISSN)1365-2923,Wiley Online Library,host,http://onlinelibrary.wiley.com/journal/10.1111/(ISSN)1365-2923,Wiley Online Library,administrative,
MICROCIRCULATION,1073-9688,1549-8719,1997,4,,,,,,,,,,10.1111/(ISSN)1549-8719,Wiley Online Library,host,http://onlinelibrary.wiley.com/journal/10.1111/(ISSN)1549-8719,Wiley Online Library,administrative,
MONOGRAPHS OF THE SOCIETY FOR RESEARCH IN CHILD DEVELOPMENT,0037-976X,1540-5834,1997,62,,,,,,,,,,10.1111/(ISSN)1540-5834,Wiley Online Library,host,http://onlinelibrary.wiley.com/journal/10.1111/(ISSN)1540-5834,Wiley Online Library,administrative,
NEPHROLOGY,1320-5358,1440-1797,1997,3,,,,,,,,,,10.1111/(ISSN)1440-1797,Wiley Online Library,host,http://onlinelibrary.wiley.com/journal/10.1111/(ISSN)1440-1797,Wiley Online Library,administrative,
NEUROGASTROENTEROLOGY & MOTILITY,1350-1925,1365-2982,1997,9,,,,,,,,,,10.1111/(ISSN)1365-2982,Wiley Online Library,host,http://onlinelibrary.wiley.com/journal/10.1111/(ISSN)1365-2982,Wiley Online Library,administrative,
NEUROPATHOLOGY,0919-6544,1440-1789,1997,17,,,,,,,,,,10.1111/(ISSN)1440-1789,Wiley Online Library,host,http://onlinelibrary.wiley.com/journal/10.1111/(ISSN)1440-1789,Wiley Online Library,administrative,
NEUROPATHOLOGY & APPLIED NEUROBIOLOGY,0305-1846,1365-2990,1997,23,,,,,,,,,,10.1111/(ISSN)1365-2990,Wiley Online Library,host,http://onlinelibrary.wiley.com/journal/10.1111/(ISSN)1365-2990,Wiley Online Library,administrative,
NURSING FOR WOMENS HEALTH,1751-4851,1751-486X,1997,11,,,,,,,,,,10.1111/(ISSN)1751-486X,Wiley Online Library,host,http://onlinelibrary.wiley.com/journal/10.1111/(ISSN)1751-486X,Wiley Online Library,administrative,
NURSING FORUM,0029-6473,1744-6198,1997,32,,,,,,,,,,10.1111/(ISSN)1744-6198,Wiley Online Library,host,http://onlinelibrary.wiley.com/journal/10.1111/(ISSN)1744-6198,Wiley Online Library,administrative,
NURSING INQUIRY,1320-7881,1440-1800,1997,4,,,,,,,,,,10.1111/(ISSN)1440-1800,Wiley Online Library,host,http://onlinelibrary.wiley.com/journal/10.1111/(ISSN)1440-1800,Wiley Online Library,administrative,
NUTRITION BULLETIN,1471-9827,1467-3010,1997,22,,,,,,,,,,10.1111/(ISSN)1467-3010,Wiley Online Library,host,http://onlinelibrary.wiley.com/journal/10.1111/(ISSN)1467-3010,Wiley Online Library,administrative,
NUTRITION REVIEWS,0029-6643,1753-4887,1997,55,,,,,,,,,,10.1111/(ISSN)1753-4887,Wiley Online Library,host,http://onlinelibrary.wiley.com/journal/10.1111/(ISSN)1753-4887,Wiley Online Library,administrative,
OPHTHALMIC AND PHYSIOLOGICAL OPTICS,0275-5408,1475-1313,1997,16,,,,,,,,,,10.1111/(ISSN)1475-1313,Wiley Online Library,host,http://onlinelibrary.wiley.com/journal/10.1111/(ISSN)1475-1313,Wiley Online Library,administrative,
ORAL DISEASES,1354-523X,1601-0825,1997,3,,,,,,,,,,10.1111/(ISSN)1601-0825,Wiley Online Library,host,http://onlinelibrary.wiley.com/journal/10.1111/(ISSN)1601-0825,Wiley Online Library,administrative,
PACING AND CLINICAL ELECTROPHYSIOLOGY,0147-8389,1540-8159,1997,20,,,,,,,,,,10.1111/(ISSN)1540-8159,Wiley Online Library,host,http://onlinelibrary.wiley.com/journal/10.1111/(ISSN)1540-8159,Wiley Online Library,administrative,
PAEDIATRIC & PERINATAL EPIDEMIOLOGY,0269-5022,1365-3016,1997,11,,,,,,,,,,10.1111/(ISSN)1365-3016,Wiley Online Library,host,http://onlinelibrary.wiley.com/journal/10.1111/(ISSN)1365-3016,Wiley Online Library,administrative,
PARASITE IMMUNOLOGY,0141-9838,1365-3024,1997,19,,,,,,,,free back issues after 1 year back to Jan 1st 1997,,10.1111/(ISSN)1365-3024,Wiley Online Library,host,http://onlinelibrary.wiley.com/journal/10.1111/(ISSN)1365-3024,Wiley Online Library,administrative,
PATHOLOGY INTERNATIONAL,1320-5463,1440-1827,1997,47,,,,,,,,,,10.1111/(ISSN)1440-1827,Wiley Online Library,host,http://onlinelibrary.wiley.com/journal/10.1111/(ISSN)1440-1827,Wiley Online Library,administrative,
PEDIATRIC ALLERGY AND IMMUNOLOGY,0905-6157,1399-3038,1997,8,,,,,,,,,,10.1111/(ISSN)1399-3038,Wiley Online Library,host,http://onlinelibrary.wiley.com/journal/10.1111/(ISSN)1399-3038,Wiley Online Library,administrative,
PEDIATRIC ANESTHESIA,1155-5645,1460-9592,1997,7,,,,,,,,,,10.1111/(ISSN)1460-9592,Wiley Online Library,host,http://onlinelibrary.wiley.com/journal/10.1111/(ISSN)1460-9592,Wiley Online Library,administrative,
PEDIATRIC DERMATOLOGY,0736-8046,1525-1470,1997,14,,,,,,,,,,10.1111/(ISSN)1525-1470,Wiley Online Library,host,http://onlinelibrary.wiley.com/journal/10.1111/(ISSN)1525-1470,Wiley Online Library,administrative,
PEDIATRIC PULMONOLOGY,8755-6863,1099-0496,1997,24,,,,,,,,,,10.1002/(ISSN)1099-0496,Wiley Online Library,host,http://onlinelibrary.wiley.com/journal/10.1002/(ISSN)1099-0496,Wiley Online Library,administrative,
PEDIATRICS INTERNATIONAL,1328-8067,1442-200X,1997,35,,,,,,,,,,10.1111/(ISSN)1442-200X,Wiley Online Library,host,http://onlinelibrary.wiley.com/journal/10.1111/(ISSN)1442-200X,Wiley Online Library,administrative,
PERSPECTIVES IN PSYCHIATRIC CARE,0031-5990,1744-6163,1997,33,,,,,,,,,,10.1111/(ISSN)1744-6163,Wiley Online Library,host,http://onlinelibrary.wiley.com/journal/10.1111/(ISSN)1744-6163,Wiley Online Library,administrative,
PIGMENT CELL & MELANOMA RESEARCH,1755-1471,1755-148X,1997,10,,,,,,,,,,10.1111/(ISSN)1755-148X,Wiley Online Library,host,http://onlinelibrary.wiley.com/journal/10.1111/(ISSN)1755-148X,Wiley Online Library,administrative,
PSYCHIATRY AND CLINICAL NEUROSCIENCES,1323-1316,1440-1819,1997,51,,,,,,,,free back issues after 2 years back to Jan 1st 1997,,10.1111/(ISSN)1440-1819,Wiley Online Library,host,http://onlinelibrary.wiley.com/journal/10.1111/(ISSN)1440-1819,Wiley Online Library,administrative,
PSYCHOPHYSIOLOGY,0048-5772,1469-8986,1997,34,,,,,,,,,,10.1111/(ISSN)1469-8986,Wiley Online Library,host,http://onlinelibrary.wiley.com/journal/10.1111/(ISSN)1469-8986,Wiley Online Library,administrative,
PUBLIC HEALTH NURSING,0737-1209,1525-1446,1997,14,,,,,,,,,,10.1111/(ISSN)1525-1446,Wiley Online Library,host,http://onlinelibrary.wiley.com/journal/10.1111/(ISSN)1525-1446,Wiley Online Library,administrative,
RESPIROLOGY,1323-7799,1440-1843,1997,2,,,,,,,,,,10.1111/(ISSN)1440-1843,Wiley Online Library,host,http://onlinelibrary.wiley.com/journal/10.1111/(ISSN)1440-1843,Wiley Online Library,administrative,
SCANDINAVIAN JOURNAL OF IMMUNOLOGY,0300-9475,1365-3083,1997,47,,,,,,,,free back issues after 1 year back to Jan 1st 1997,,10.1111/(ISSN)1365-3083,Wiley Online Library,host,http://onlinelibrary.wiley.com/journal/10.1111/(ISSN)1365-3083,Wiley Online Library,administrative,
SCANDINAVIAN JOURNAL OF MEDICINE & SCIENCE IN SPORTS,0905-7188,1600-0838,1997,7,,,,,,,,,,10.1111/(ISSN)1600-0838,Wiley Online Library,host,http://onlinelibrary.wiley.com/journal/10.1111/(ISSN)1600-0838,Wiley Online Library,administrative,
SEMINARS IN DIALYSIS,0894-0959,1525-139X,1997,10,,,,,,,,,,10.1111/(ISSN)1525-139X,Wiley Online Library,host,http://onlinelibrary.wiley.com/journal/10.1111/(ISSN)1525-139X,Wiley Online Library,administrative,
SKIN RESEARCH AND TECHNOLOGY,0909-752X,1600-0846,1997,3,,,,,,,,,,10.1111/(ISSN)1600-0846,Wiley Online Library,host,http://onlinelibrary.wiley.com/journal/10.1111/(ISSN)1600-0846,Wiley Online Library,administrative,
SOCIOLOGY OF HEALTH & ILLNESS,0141-9889,1467-9566,1997,19,,,,,,,,free back issues after 4 years back to 1979,,10.1111/(ISSN)1467-9566,Wiley Online Library,host,http://onlinelibrary.wiley.com/journal/10.1111/(ISSN)1467-9566,Wiley Online Library,administrative,
THE AMERICAN JOURNAL ON ADDICTIONS,1055-0496,1521-0391,1997,6,,,,,,,,,,10.1111/(ISSN)1521-0391,Wiley Online Library,host,http://onlinelibrary.wiley.com/journal/10.1111/(ISSN)1521-0391,Wiley Online Library,administrative,
THE BREAST JOURNAL,1075-122X,1524-4741,1997,3,,,,,,,,,,10.1111/(ISSN)1524-4741,Wiley Online Library,host,http://onlinelibrary.wiley.com/journal/10.1111/(ISSN)1524-4741,Wiley Online Library,administrative,
THE JOURNAL OF CHILD PSYCHOLOGY AND PSYCHIATRY AND  ALLIED DISCIPLINES,0021-9630,1469-7610,1997,38,,,,,,,,,,10.1111/(ISSN)1469-7610,Wiley Online Library,host,http://onlinelibrary.wiley.com/journal/10.1111/(ISSN)1469-7610,Wiley Online Library,administrative,
"THE JOURNAL OF LAW, MEDICINE & ETHICS",1073-1105,1748-720X,1997,25,,,,,,,,,,10.1111/(ISSN)1748-720X,Wiley Online Library,host,http://onlinelibrary.wiley.com/journal/10.1111/(ISSN)1748-720X,Wiley Online Library,administrative,
THE JOURNAL OF PHYSIOLOGY,0022-3751,1469-7793,1997,501,,,,,,,,free back issues after 1 year back to 1997,,10.1111/(ISSN)1469-7793,Wiley Online Library,host,http://onlinelibrary.wiley.com/journal/10.1111/(ISSN)1469-7793,Wiley Online Library,administrative,
THE JOURNAL OF RURAL HEALTH,0890-765X,1748-0361,1997,8,,,,,,,,,,10.1111/(ISSN)1748-0361,Wiley Online Library,host,http://onlinelibrary.wiley.com/journal/10.1111/(ISSN)1748-0361,Wiley Online Library,administrative,
THE MILBANK QUARTERLY,0887-378X,1468-0009,1997,75,,,,,,,,,,10.1111/(ISSN)1468-0009,Wiley Online Library,host,http://onlinelibrary.wiley.com/journal/10.1111/(ISSN)1468-0009,Wiley Online Library,administrative,
THERAPEUTIC APHERESIS AND DIALYSIS,1744-9979,1744-9987,1997,1,,,,,,,,,,10.1111/(ISSN)1744-9987,Wiley Online Library,host,http://onlinelibrary.wiley.com/journal/10.1111/(ISSN)1744-9987,Wiley Online Library,administrative,
TISSUE ANTIGENS,0001-2815,1399-0039,1997,49,,,,,,,,,,10.1111/(ISSN)1399-0039,Wiley Online Library,host,http://onlinelibrary.wiley.com/journal/10.1111/(ISSN)1399-0039,Wiley Online Library,administrative,
TRANSFUSION,0041-1132,1537-2995,1997,37,,,,,,,,,,10.1111/(ISSN)1537-2995,Wiley Online Library,host,http://onlinelibrary.wiley.com/journal/10.1111/(ISSN)1537-2995,Wiley Online Library,administrative,
TRANSFUSION MEDICINE,0958-7578,1365-3148,1997,7,,,,,,,,,,10.1111/(ISSN)1365-3148,Wiley Online Library,host,http://onlinelibrary.wiley.com/journal/10.1111/(ISSN)1365-3148,Wiley Online Library,administrative,
TRANSPLANT INTERNATIONAL,0934-0874,1432-2277,1997,10,,,,,,,,,,10.1111/(ISSN)1432-2277,Wiley Online Library,host,http://onlinelibrary.wiley.com/journal/10.1111/(ISSN)1432-2277,Wiley Online Library,administrative,
TROPICAL MEDICINE & INTERNATIONAL HEALTH,1360-2276,1365-3156,1997,2,,,,,,,,free back issues after 1 year back to 1996,,10.1111/(ISSN)1365-3156,Wiley Online Library,host,http://onlinelibrary.wiley.com/journal/10.1111/(ISSN)1365-3156,Wiley Online Library,administrative,
ULTRASOUND IN OBSTETRICS & GYNECOLOGY,0960-7692,1469-0705,1997,1,,,,,,,,free back issues after 12 months back to 1991,,10.1002/(ISSN)1469-0705,Wiley Online Library,host,http://onlinelibrary.wiley.com/journal/10.1002/(ISSN)1469-0705,Wiley Online Library,administrative,
VOX SANGUINIS,0042-9007,1423-0410,1997,72,,,,,,,,,,10.1111/(ISSN)1423-0410,Wiley Online Library,host,http://onlinelibrary.wiley.com/journal/10.1111/(ISSN)1423-0410,Wiley Online Library,administrative,
WOUND REPAIR AND REGENERATION,1067-1927,1524-475X,1997,5,,,,,,,,,,10.1111/(ISSN)1524-475X,Wiley Online Library,host,http://onlinelibrary.wiley.com/journal/10.1111/(ISSN)1524-475X,Wiley Online Library,administrative,
XENOTRANSPLANTATION,0908-665X,1399-3089,1997,4,,,,,,,,,,10.1111/(ISSN)1399-3089,Wiley Online Library,host,http://onlinelibrary.wiley.com/journal/10.1111/(ISSN)1399-3089,Wiley Online Library,administrative,
BRITISH JOURNAL OF SURGERY,0007-1323,1365-2168,1998,85,,,,,,,,,,10.1002/(ISSN)1365-2168,Wiley Online Library,host,http://onlinelibrary.wiley.com/journal/10.1002/(ISSN)1365-2168,Wiley Online Library,administrative,
EUROPEAN JOURNAL OF NEUROLOGY,1351-5101,1468-1331,1998,5,,,,,,,,,,10.1111/(ISSN)1468-1331,Wiley Online Library,host,http://onlinelibrary.wiley.com/journal/10.1111/(ISSN)1468-1331,Wiley Online Library,administrative,
HEALTH EXPECTATIONS,1369-6513,1369-7625,1998,1,,,,,,,,,,10.1111/(ISSN)1369-7625,Wiley Online Library,host,http://onlinelibrary.wiley.com/journal/10.1111/(ISSN)1369-7625,Wiley Online Library,administrative,
INTERNATIONAL JOURNAL OF METHODS IN PSYCHIATRIC RESEARCH,1049-8931,1557-0657,1998,7,,,,,,,,,,10.1002/(ISSN)1557-0657,Wiley Online Library,host,http://onlinelibrary.wiley.com/journal/10.1002/(ISSN)1557-0657,Wiley Online Library,administrative,
INTERNATIONAL NURSING REVIEW,0020-8132,1466-7657,1998,45,,,,,,,,,,10.1111/(ISSN)1466-7657,Wiley Online Library,host,http://onlinelibrary.wiley.com/journal/10.1111/(ISSN)1466-7657,Wiley Online Library,administrative,
JOURNAL OF TRAUMATIC STRESS,0894-9867,1573-6598,1998,11,,,,,,,,,,10.1002/(ISSN)1573-6598,Wiley Online Library,host,http://onlinelibrary.wiley.com/journal/10.1002/(ISSN)1573-6598,Wiley Online Library,administrative,
"PHOTODERMATOLOGY, PHOTOIMMUNOLOGY & PHOTOMEDICINE",0905-4383,1600-0781,1998,14,,,,,,,,,,10.1111/(ISSN)1600-0781,Wiley Online Library,host,http://onlinelibrary.wiley.com/journal/10.1111/(ISSN)1600-0781,Wiley Online Library,administrative,
ANNALS OF NEUROLOGY,0364-5134,1531-8249,1999,45,,,,,,,,,,10.1002/(ISSN)1531-8249,Wiley Online Library,host,http://onlinelibrary.wiley.com/journal/10.1002/(ISSN)1531-8249,Wiley Online Library,administrative,
ARTHRITIS & RHEUMATISM,0004-3591,1529-0131,1999,42,,,,,,,,,,10.1002/(ISSN)1529-0131,Wiley Online Library,host,http://onlinelibrary.wiley.com/journal/10.1002/(ISSN)1529-0131,Wiley Online Library,administrative,
AUSTRALIAN OCCUPATIONAL THERAPY JOURNAL,0045-0766,1440-1630,1999,46,,,,,,,,,,10.1111/(ISSN)1440-1630,Wiley Online Library,host,http://onlinelibrary.wiley.com/journal/10.1111/(ISSN)1440-1630,Wiley Online Library,administrative,
BIPOLAR DISORDERS,1398-5647,1399-5618,1999,1,,,,,,,,,,10.1111/(ISSN)1399-5618,Wiley Online Library,host,http://onlinelibrary.wiley.com/journal/10.1111/(ISSN)1399-5618,Wiley Online Library,administrative,
BRITISH JOURNAL OF CLINICAL PSYCHOLOGY,0144-6657,2044-8260,1999,38,,,,,,,,,,10.1111/(ISSN)2044-8260,Wiley Online Library,host,http://onlinelibrary.wiley.com/journal/10.1111/(ISSN)2044-8260,Wiley Online Library,administrative,
BRITISH JOURNAL OF DEVELOPMENTAL PSYCHOLOGY,0261-510X,2044-835X,1999,17,,,,,,,,,,10.1111/(ISSN)2044-835X,Wiley Online Library,host,http://onlinelibrary.wiley.com/journal/10.1111/(ISSN)2044-835X,Wiley Online Library,administrative,
BRITISH JOURNAL OF HEALTH PSYCHOLOGY,1359-107X,2044-8287,1999,4,,,,,,,,,,10.1111/(ISSN)2044-8287,Wiley Online Library,host,http://onlinelibrary.wiley.com/journal/10.1111/(ISSN)2044-8287,Wiley Online Library,administrative,
BRITISH JOURNAL OF MATHEMATICAL AND STATISTICAL PSYCHOLOGY,0007-1102,2044-8317,1999,52,,,,,,,,,,10.1111/(ISSN)2044-8317,Wiley Online Library,host,http://onlinelibrary.wiley.com/journal/10.1111/(ISSN)2044-8317,Wiley Online Library,administrative,
BRITISH JOURNAL OF SOCIAL PSYCHOLOGY,0144-6665,2044-8309,1999,38,,,,,,,,,,10.1111/(ISSN)2044-8309,Wiley Online Library,host,http://onlinelibrary.wiley.com/journal/10.1111/(ISSN)2044-8309,Wiley Online Library,administrative,
CELLULAR MICROBIOLOGY (ELECTRONIC),1462-5814,1462-5822,1999,1,,,,,,,,free back issues after 2 years back to 1999,,10.1111/(ISSN)1462-5822,Wiley Online Library,host,http://onlinelibrary.wiley.com/journal/10.1111/(ISSN)1462-5822,Wiley Online Library,administrative,
CLINICAL TRANSPLANTATION,0902-0063,1399-0012,1999,13,,,,,,,,,,10.1111/(ISSN)1399-0012,Wiley Online Library,host,http://onlinelibrary.wiley.com/journal/10.1111/(ISSN)1399-0012,Wiley Online Library,administrative,
COLORECTAL DISEASE,1462-8910,1463-1318,1999,1,,,,,,,,,,10.1111/(ISSN)1463-1318,Wiley Online Library,host,http://onlinelibrary.wiley.com/journal/10.1111/(ISSN)1463-1318,Wiley Online Library,administrative,
DIABETES OBESITY & METABOLISM,1462-8902,1463-1326,1999,1,,,,,,,,,,10.1111/(ISSN)1463-1326,Wiley Online Library,host,http://onlinelibrary.wiley.com/journal/10.1111/(ISSN)1463-1326,Wiley Online Library,administrative,
DIABETES/METABOLISM: RESEARCH AND REVIEWS (ELECT),1520-7552,1520-7560,1999,15,,,,,,,,,,10.1002/(ISSN)1520-7560,Wiley Online Library,host,http://onlinelibrary.wiley.com/journal/10.1002/(ISSN)1520-7560,Wiley Online Library,administrative,
DISEASES OF THE ESOPHAGUS,1120-8694,1442-2050,1999,12,,,,,,,,,,10.1111/(ISSN)1442-2050,Wiley Online Library,host,http://onlinelibrary.wiley.com/journal/10.1111/(ISSN)1442-2050,Wiley Online Library,administrative,
EXPERIMENTAL PHYSIOLOGY,0958-0670,1469-445X,1999,84,,,,,,,,free back issues after 1 year back to 1999,,10.1111/(ISSN)1469-445X,Wiley Online Library,host,http://onlinelibrary.wiley.com/journal/10.1111/(ISSN)1469-445X,Wiley Online Library,administrative,
HIV MEDICINE,1464-2662,1468-1293,1999,1,,,,,,,,free back issues after 2 years back to 1999,,10.1111/(ISSN)1468-1293,Wiley Online Library,host,http://onlinelibrary.wiley.com/journal/10.1111/(ISSN)1468-1293,Wiley Online Library,administrative,
INTERNATIONAL JOURNAL OF MENTAL HEALTH NURSING,1445-8330,1447-0349,1999,11,,,,,,,,,,10.1111/(ISSN)1447-0349,Wiley Online Library,host,http://onlinelibrary.wiley.com/journal/10.1111/(ISSN)1447-0349,Wiley Online Library,administrative,
JOURNAL OF MAGNETIC RESONANCE IMAGING,1053-1807,1522-2586,1999,9,,,,,,,,,,10.1002/(ISSN)1522-2586,Wiley Online Library,host,http://onlinelibrary.wiley.com/journal/10.1002/(ISSN)1522-2586,Wiley Online Library,administrative,
JOURNAL OF MEDICAL PRIMATOLOGY (ELECTRONIC),0047-2565,1600-0684,1999,29,,,,,,,,,,10.1111/(ISSN)1600-0684,Wiley Online Library,host,http://onlinelibrary.wiley.com/journal/10.1111/(ISSN)1600-0684,Wiley Online Library,administrative,
JOURNAL OF OCCUPATIONAL AND ORGANIZATIONAL PSYCHOLOGY,0963-1798,2044-8325,1999,72,,,,,,,,,,10.1111/(ISSN)2044-8325,Wiley Online Library,host,http://onlinelibrary.wiley.com/journal/10.1111/(ISSN)2044-8325,Wiley Online Library,administrative,
LEGAL AND CRIMINOLOGICAL PSYCHOLOGY,1355-3259,2044-8333,1999,4,,,,,,,,,,10.1111/(ISSN)2044-8333,Wiley Online Library,host,http://onlinelibrary.wiley.com/journal/10.1111/(ISSN)2044-8333,Wiley Online Library,administrative,
MAGNETIC RESONANCE IN MEDICINE,0740-3194,1522-2594,1999,41,,,,,,,,,,10.1002/(ISSN)1522-2594,Wiley Online Library,host,http://onlinelibrary.wiley.com/journal/10.1002/(ISSN)1522-2594,Wiley Online Library,administrative,
MOVEMENT DISORDERS,0885-3185,1531-8257,1999,14,,,,,,,,,,10.1002/(ISSN)1531-8257,Wiley Online Library,host,http://onlinelibrary.wiley.com/journal/10.1002/(ISSN)1531-8257,Wiley Online Library,administrative,
NEUROMODULATION: TECHNOLOGY AT THE NEURAL INTERFACE,1094-7159,1525-1403,1999,2,,,,,,,,,,10.1111/(ISSN)1525-1403,Wiley Online Library,host,http://onlinelibrary.wiley.com/journal/10.1111/(ISSN)1525-1403,Wiley Online Library,administrative,
NURSING & HEALTH SCIENCES,1441-0745,1442-2018,1999,1,,,,,,,,,,10.1111/(ISSN)1442-2018,Wiley Online Library,host,http://onlinelibrary.wiley.com/journal/10.1111/(ISSN)1442-2018,Wiley Online Library,administrative,
PEDIATRIC TRANSPLANTATION,1397-3142,1399-3046,1999,3,,,,,,,,,,10.1111/(ISSN)1399-3046,Wiley Online Library,host,http://onlinelibrary.wiley.com/journal/10.1111/(ISSN)1399-3046,Wiley Online Library,administrative,
"PSYCHOLOGY AND PSYCHOTHERAPY: THEORY, RESEARCH AND  PRACTICE",1476-0835,2044-8341,1999,72,,,,,,,,,,10.1111/(ISSN)2044-8341,Wiley Online Library,host,http://onlinelibrary.wiley.com/journal/10.1111/(ISSN)2044-8341,Wiley Online Library,administrative,
THE JOURNAL OF GENE MEDICINE  (ELECTRONIC),1099-498X,1521-2254,1999,1,,,,,,,,,,10.1002/(ISSN)1521-2254,Wiley Online Library,host,http://onlinelibrary.wiley.com/journal/10.1002/(ISSN)1521-2254,Wiley Online Library,administrative,
THE OBSTETRICIAN & GYNAECOLOGIST,1467-2561,1744-4667,1999,1,,,,,,,,free back issues after 2 years back to 1999,,10.1111/(ISSN)1744-4667,Wiley Online Library,host,http://onlinelibrary.wiley.com/journal/10.1111/(ISSN)1744-4667,Wiley Online Library,administrative,
TRANSPLANT INFECTIOUS DISEASE,1398-2273,1399-3062,1999,1,,,,,,,,,,10.1111/(ISSN)1399-3062,Wiley Online Library,host,http://onlinelibrary.wiley.com/journal/10.1111/(ISSN)1399-3062,Wiley Online Library,administrative,
WORLD VIEWS ON EVIDENCE-BASED NURSING,1545-102X,1741-6787,1999,1,,,,,,,,,,10.1111/(ISSN)1741-6787,Wiley Online Library,host,http://onlinelibrary.wiley.com/journal/10.1111/(ISSN)1741-6787,Wiley Online Library,administrative,
AMERICAN JOURNAL OF REPRODUCTIVE IMMUNOLOGY,1046-7408,1600-0897,2000,43,,,,,,,,,,10.1111/(ISSN)1600-0897,Wiley Online Library,host,http://onlinelibrary.wiley.com/journal/10.1111/(ISSN)1600-0897,Wiley Online Library,administrative,
DERMATOLOGIC THERAPY,1396-0296,1529-8019,2000,13,,,,,,,,,,10.1111/(ISSN)1529-8019,Wiley Online Library,host,http://onlinelibrary.wiley.com/journal/10.1111/(ISSN)1529-8019,Wiley Online Library,administrative,
HEALTH INFORMATION & LIBRARIES JOURNAL,1471-1834,1471-1842,2000,17,,,,,,,,free back issues after 3 years back to 2001. Previous title Health Libraries Review conten from 1984-2000,,10.1111/(ISSN)1471-1842,Wiley Online Library,host,http://onlinelibrary.wiley.com/journal/10.1111/(ISSN)1471-1842,Wiley Online Library,administrative,
JOURNAL OF DIGESTIVE DISEASES,1751-2972,1751-2980,2000,8,,,,,,,,,,10.1111/(ISSN)1751-2980,Wiley Online Library,host,http://onlinelibrary.wiley.com/journal/10.1111/(ISSN)1751-2980,Wiley Online Library,administrative,
JOURNAL OF THE PERIPHERAL NERVOUS SYSTEM,1085-9489,1529-8027,2000,5,,,,,,,,,,10.1111/(ISSN)1529-8027,Wiley Online Library,host,http://onlinelibrary.wiley.com/journal/10.1111/(ISSN)1529-8027,Wiley Online Library,administrative,
LIVER TRANSPLANTATION,1527-6465,1527-6473,2000,6,,,,,,,,"free back issues after 1 year back to Vol 1, 1995. Previous title to 2000 is Liver Transplantation and Surgery ontent from 1995 - 1999",,10.1002/(ISSN)1527-6473,Wiley Online Library,host,http://onlinelibrary.wiley.com/journal/10.1002/(ISSN)1527-6473,Wiley Online Library,administrative,
NURSING PHILOSOPHY,1466-7681,1466-769X,2000,1,,,,,,,,,,10.1111/(ISSN)1466-769X,Wiley Online Library,host,http://onlinelibrary.wiley.com/journal/10.1111/(ISSN)1466-769X,Wiley Online Library,administrative,
OBESITY REVIEWS,1467-7881,1467-789X,2000,1,,,,,,,,,,10.1111/(ISSN)1467-789X,Wiley Online Library,host,http://onlinelibrary.wiley.com/journal/10.1111/(ISSN)1467-789X,Wiley Online Library,administrative,
PAIN MEDICINE,1526-2375,1526-4637,2000,1,,,,,,,,,,10.1111/(ISSN)1526-4637,Wiley Online Library,host,http://onlinelibrary.wiley.com/journal/10.1111/(ISSN)1526-4637,Wiley Online Library,administrative,
PEDIATRIC DIABETES,1399-543X,1399-5448,2000,1,,,,,,,,,,10.1111/(ISSN)1399-5448,Wiley Online Library,host,http://onlinelibrary.wiley.com/journal/10.1111/(ISSN)1399-5448,Wiley Online Library,administrative,
TRAFFIC,1398-9219,1600-0854,2000,1,,,,,,,,free back issues after 6 months back to 2000,,10.1111/(ISSN)1600-0854,Wiley Online Library,host,http://onlinelibrary.wiley.com/journal/10.1111/(ISSN)1600-0854,Wiley Online Library,administrative,
AMERICAN JOURNAL OF TRANSPLANTATION,1600-6135,1600-6143,2001,1,,,,,,,,free back issues after 1 year back to 2001,,10.1111/(ISSN)1600-6143,Wiley Online Library,host,http://onlinelibrary.wiley.com/journal/10.1111/(ISSN)1600-6143,Wiley Online Library,administrative,
CLINICAL & EXPERIMENTAL ALLERGY REVIEWS,1472-9725,1472-9733,2001,1,,,,,,,,,,10.1111/(ISSN)1472-9733,Wiley Online Library,host,http://onlinelibrary.wiley.com/journal/10.1111/(ISSN)1472-9733,Wiley Online Library,administrative,
DEVELOPING WORLD BIOETHICS,1471-8731,1471-8847,2001,1,,,,,,,,,,10.1111/(ISSN)1471-8847,Wiley Online Library,host,http://onlinelibrary.wiley.com/journal/10.1111/(ISSN)1471-8847,Wiley Online Library,administrative,
GERIATRICS & GERONTOLOGY INTERNATIONAL,1444-1586,1447-0594,2001,1,,,,,,,,,,10.1111/(ISSN)1447-0594,Wiley Online Library,host,http://onlinelibrary.wiley.com/journal/10.1111/(ISSN)1447-0594,Wiley Online Library,administrative,
HPB,1365-182X,1477-2574,2001,3,,,,,,,,,,10.1111/(ISSN)1477-2574,Wiley Online Library,host,http://onlinelibrary.wiley.com/journal/10.1111/(ISSN)1477-2574,Wiley Online Library,administrative,
JOURNAL OF AMERICAN GERIATRICS SOCIETY,0002-8614,1532-5415,2001,49,,,,,,,,,,10.1111/(ISSN)1532-5415,Wiley Online Library,host,http://onlinelibrary.wiley.com/journal/10.1111/(ISSN)1532-5415,Wiley Online Library,administrative,
JOURNAL OF NEUROIMAGING,1051-2284,1552-6569,2001,11,,,,,,,,,,10.1111/(ISSN)1552-6569,Wiley Online Library,host,http://onlinelibrary.wiley.com/journal/10.1111/(ISSN)1552-6569,Wiley Online Library,administrative,
JOURNAL OF ORTHOPAEDIC RESEARCH,0736-0266,1554-527X,2001,19,,,,,,,,,,10.1002/(ISSN)1554-527X,Wiley Online Library,host,http://onlinelibrary.wiley.com/journal/10.1002/(ISSN)1554-527X,Wiley Online Library,administrative,
JOURNAL OF RESEARCH ON ADOLESCENCE,1050-8392,1532-7795,2001,11,,,,,,,,,,10.1111/(ISSN)1532-7795,Wiley Online Library,host,http://onlinelibrary.wiley.com/journal/10.1111/(ISSN)1532-7795,Wiley Online Library,administrative,
PAIN PRACTICE,1530-7085,1533-2500,2001,1,,,,,,,,,,10.1111/(ISSN)1533-2500,Wiley Online Library,host,http://onlinelibrary.wiley.com/journal/10.1111/(ISSN)1533-2500,Wiley Online Library,administrative,
PSYCHOGERIATRICS,1346-3500,1479-8301,2001,1,,,,,,,,,,10.1111/(ISSN)1479-8301,Wiley Online Library,host,http://onlinelibrary.wiley.com/journal/10.1111/(ISSN)1479-8301,Wiley Online Library,administrative,
SCANDINAVIAN JOURNAL OF CARING SCIENCES,0283-9318,1471-6712,2001,15,,,,,,,,,,10.1111/(ISSN)1471-6712,Wiley Online Library,host,http://onlinelibrary.wiley.com/journal/10.1111/(ISSN)1471-6712,Wiley Online Library,administrative,
THE INTERNATIONAL JOURNAL OF PSYCHOANALYSIS,0020-7578,1745-8315,2001,82,,,,,,,,,,10.1111/(ISSN)1745-8315,Wiley Online Library,host,http://onlinelibrary.wiley.com/journal/10.1111/(ISSN)1745-8315,Wiley Online Library,administrative,
ACTA NEUROPSYCHIATRICA (ELECTRONIC),0924-2708,1601-5215,2002,14,,,,,,,,,,10.1111/(ISSN)1601-5215,Wiley Online Library,host,http://onlinelibrary.wiley.com/journal/10.1111/(ISSN)1601-5215,Wiley Online Library,administrative,
AGING CELL,1474-9718,1474-9726,2002,1,,,,,,,,free back issues after 2 years back to 2002,,10.1111/(ISSN)1474-9726,Wiley Online Library,host,http://onlinelibrary.wiley.com/journal/10.1111/(ISSN)1474-9726,Wiley Online Library,administrative,
CONCEPTS IN MAGNETIC RESONANCE PART B,1552-5031,1552-504X,2002,15,,,,,,,,,,10.1002/(ISSN)1552-504X,Wiley Online Library,host,http://onlinelibrary.wiley.com/journal/10.1002/(ISSN)1552-504X,Wiley Online Library,administrative,
"GENES, BRAIN AND BEHAVIOR",1601-1848,1601-183X,2002,1,,,,,,,,free back issues after 2 years back to 2002,,10.1111/(ISSN)1601-183X,Wiley Online Library,host,http://onlinelibrary.wiley.com/journal/10.1111/(ISSN)1601-183X,Wiley Online Library,administrative,
HEALTH SERVICES RESEARCH,0017-9124,1475-6773,2002,37,,,,,,,,,,10.1111/(ISSN)1475-6773,Wiley Online Library,host,http://onlinelibrary.wiley.com/journal/10.1111/(ISSN)1475-6773,Wiley Online Library,administrative,
INTERNATIONAL JOURNAL OF RHEUMATIC DISEASES,1756-1841,1756-185X,2002,11,,,,,,,,,,10.1111/(ISSN)1756-185X,Wiley Online Library,host,http://onlinelibrary.wiley.com/journal/10.1111/(ISSN)1756-185X,Wiley Online Library,administrative,
JOURNAL OF COSMETIC DERMATOLOGY,1473-2130,1473-2165,2002,1,,,,,,,,,,10.1111/(ISSN)1473-2165,Wiley Online Library,host,http://onlinelibrary.wiley.com/journal/10.1111/(ISSN)1473-2165,Wiley Online Library,administrative,
HEMODIALYSIS INTERNATIONAL,1492-7535,1542-4758,2003,7,,,,,,,,,,10.1111/(ISSN)1542-4758,Wiley Online Library,host,http://onlinelibrary.wiley.com/journal/10.1111/(ISSN)1542-4758,Wiley Online Library,administrative,
JOURNAL DER DEUTSCHEN DERMATOLOGISCHEN GESELLSCHAFT,1610-0379,1610-0387,2003,1,,,,,,,,,,10.1111/(ISSN)1610-0387,Wiley Online Library,host,http://onlinelibrary.wiley.com/journal/10.1111/(ISSN)1610-0387,Wiley Online Library,administrative,
MUSCULOSKELETAL CARE,1478-2189,1557-0681,2003,1,,,,,,,,,,10.1002/(ISSN)1557-0681,Wiley Online Library,host,http://onlinelibrary.wiley.com/journal/10.1002/(ISSN)1557-0681,Wiley Online Library,administrative,
NURSING IN CRITICAL CARE,1362-1017,1478-5153,2003,8,,,,,,,,,,10.1111/(ISSN)1478-5153,Wiley Online Library,host,http://onlinelibrary.wiley.com/journal/10.1111/(ISSN)1478-5153,Wiley Online Library,administrative,
PERSPECTIVES ON SEXUAL AND REPRODUCTIVE HEALTH,1538-6341,1931-2393,2003,35,,,,,,,,,,10.1111/(ISSN)1931-2393,Wiley Online Library,host,http://onlinelibrary.wiley.com/journal/10.1111/(ISSN)1931-2393,Wiley Online Library,administrative,
SLEEP AND BIOLOGICAL RHYTHMS,1446-9235,1479-8425,2003,1,,,,,,,,,,10.1111/(ISSN)1479-8425,Wiley Online Library,host,http://onlinelibrary.wiley.com/journal/10.1111/(ISSN)1479-8425,Wiley Online Library,administrative,
EUROPEAN DIABETES NURSING,1551-7853,1551-7861,2004,1,,,,,,,,,,10.1002/(ISSN)1551-7861,Wiley Online Library,host,http://onlinelibrary.wiley.com/journal/10.1002/(ISSN)1551-7861,Wiley Online Library,administrative,
INTERNATIONAL JOURNAL OF CLINICAL PRACTICE,1368-5031,1742-1241,2004,58,,,,,,,,,,10.1111/(ISSN)1742-1241,Wiley Online Library,host,http://onlinelibrary.wiley.com/journal/10.1111/(ISSN)1742-1241,Wiley Online Library,administrative,
INTERNATIONAL WOUND JOURNAL,1742-4801,1742-481X,2004,1,,,,,,,,,,10.1111/(ISSN)1742-481X,Wiley Online Library,host,http://onlinelibrary.wiley.com/journal/10.1111/(ISSN)1742-481X,Wiley Online Library,administrative,
JAPAN JOURNAL OF NURSING SCIENCE,1742-7932,1742-7924,2004,1,,,,,,,,,,10.1111/(ISSN)1742-7924,Wiley Online Library,host,http://onlinelibrary.wiley.com/journal/10.1111/(ISSN)1742-7924,Wiley Online Library,administrative,
JOURNAL OF POLICY AND PRACTICE IN INTELLECTUAL DISABILITIES,1741-1122,1741-1130,2004,1,,,,,,,,,,10.1111/(ISSN)1741-1130,Wiley Online Library,host,http://onlinelibrary.wiley.com/journal/10.1111/(ISSN)1741-1130,Wiley Online Library,administrative,
THE CLINICAL TEACHER,1743-4971,1743-498X,2004,1,,,,,,,,,,10.1111/(ISSN)1743-498X,Wiley Online Library,host,http://onlinelibrary.wiley.com/journal/10.1111/(ISSN)1743-498X,Wiley Online Library,administrative,
THE INTERNATIONAL JOURNAL OF MEDICAL ROBOTICS  AND COMPUTER ASSISTED SURGERY,1478-5951,1478-596X,2004,1,,,,,,,,,,10.1002/(ISSN)1478-596X,Wiley Online Library,host,http://onlinelibrary.wiley.com/journal/10.1002/(ISSN)1478-596X,Wiley Online Library,administrative,
ALCOHOLISM AND DRUG ABUSE WEEKLY,1042-1394,1556-7591,2005,17,,,,,,,,,,10.1002/(ISSN)1556-7591,Wiley Online Library,host,http://onlinelibrary.wiley.com/journal/10.1002/(ISSN)1556-7591,Wiley Online Library,administrative,
ASIA-PACIFIC JOURNAL OF CLINICAL ONCOLOGY,1743-7555,1743-7563,2005,1,,,,,,,,,,10.1111/(ISSN)1743-7563,Wiley Online Library,host,http://onlinelibrary.wiley.com/journal/10.1111/(ISSN)1743-7563,Wiley Online Library,administrative,
INTERNATIONAL JOURNAL OF EVIDENCE BASED HEALTHCARE,1744-1595,1744-1609,2005,3,,,,,,,,,,10.1111/(ISSN)1744-1609,Wiley Online Library,host,http://onlinelibrary.wiley.com/journal/10.1111/(ISSN)1744-1609,Wiley Online Library,administrative,
JOURNAL OF FORENSIC NURSING,1556-3693,1939-3938,2005,1,,,,,,,,,,10.1111/(ISSN)1939-3938,Wiley Online Library,host,http://onlinelibrary.wiley.com/journal/10.1111/(ISSN)1939-3938,Wiley Online Library,administrative,
MATERNAL & CHILD NUTRITION,1740-8695,1740-8709,2005,1,,,,,,,,,,10.1111/(ISSN)1740-8709,Wiley Online Library,host,http://onlinelibrary.wiley.com/journal/10.1111/(ISSN)1740-8709,Wiley Online Library,administrative,
MENTAL HEALTH WEEKLY,1058-1103,1556-7583,2005,15,,,,,,,,,,10.1002/(ISSN)1556-7583,Wiley Online Library,host,http://onlinelibrary.wiley.com/journal/10.1002/(ISSN)1556-7583,Wiley Online Library,administrative,
NUTRITION & DIETETICS,1446-6368,1747-0080,2005,62,,,,,,,,,,10.1111/(ISSN)1747-0080,Wiley Online Library,host,http://onlinelibrary.wiley.com/journal/10.1111/(ISSN)1747-0080,Wiley Online Library,administrative,
SURGICAL PRACTICE,1744-1625,1744-1633,2005,9,,,,,,,,,,10.1111/(ISSN)1744-1633,Wiley Online Library,host,http://onlinelibrary.wiley.com/journal/10.1111/(ISSN)1744-1633,Wiley Online Library,administrative,
CONTRAST MEDIA & MOLECULAR IMAGING  (ELECTRONIC),1555-4309,1555-4317,2006,1,,,,,,,,,,10.1002/(ISSN)1555-4317,Wiley Online Library,host,http://onlinelibrary.wiley.com/journal/10.1002/(ISSN)1555-4317,Wiley Online Library,administrative,
EVIDENCE-BASED CHILD HEALTH: A COCHRANE  REVIEW JOURNAL,-,1557-6272,2006,1,,,,,,,,,,10.1002/(ISSN)1557-6272,Wiley Online Library,host,http://onlinelibrary.wiley.com/journal/10.1002/(ISSN)1557-6272,Wiley Online Library,administrative,
FUTURE PRESCRIBER,1468-9871,1931-2261,2006,7,,,,,,,,,,10.1002/(ISSN)1931-2261,Wiley Online Library,host,http://onlinelibrary.wiley.com/journal/10.1002/(ISSN)1931-2261,Wiley Online Library,administrative,
INTERNATIONAL JOURNAL OF OLDER PEOPLE NURSING,1748-3735,1748-3743,2006,1,,,,,,,,,,10.1111/(ISSN)1748-3743,Wiley Online Library,host,http://onlinelibrary.wiley.com/journal/10.1111/(ISSN)1748-3743,Wiley Online Library,administrative,
INTERNATIONAL JOURNAL OF STROKE,1747-4930,1747-4949,2006,1,,,,,,,,,,10.1111/(ISSN)1747-4949,Wiley Online Library,host,http://onlinelibrary.wiley.com/journal/10.1111/(ISSN)1747-4949,Wiley Online Library,administrative,
ISBT SCIENCE SERIES: THE INTERNATIONAL JOURNAL OF INTRACELLULAR TRANSPORT,1751-2816,1751-2824,2006,1,,,,,,,,,,10.1111/(ISSN)1751-2824,Wiley Online Library,host,http://onlinelibrary.wiley.com/journal/10.1111/(ISSN)1751-2824,Wiley Online Library,administrative,
JOURNAL OF FORENSIC SCIENCES,0022-1198,1556-4029,2006,51,,,,,,,,,,10.1111/(ISSN)1556-4029,Wiley Online Library,host,http://onlinelibrary.wiley.com/journal/10.1111/(ISSN)1556-4029,Wiley Online Library,administrative,
PRESCRIBER,0959-6682,1931-2253,2006,17,,,,,,,,,,10.1002/(ISSN)1931-2253,Wiley Online Library,host,http://onlinelibrary.wiley.com/journal/10.1002/(ISSN)1931-2253,Wiley Online Library,administrative,
THE JOURNAL OF DERMATOLOGY,0385-2407,1346-8138,2006,33,,,,,,,,,,10.1111/(ISSN)1346-8138,Wiley Online Library,host,http://onlinelibrary.wiley.com/journal/10.1111/(ISSN)1346-8138,Wiley Online Library,administrative,
TRENDS IN UROLOGY AND MEN'S HEALTH,2044-3730,2044-3749,2006,11,,,,,,,,,,10.1002/(ISSN)2044-3749,Wiley Online Library,host,http://onlinelibrary.wiley.com/journal/10.1002/(ISSN)2044-3749,Wiley Online Library,administrative,
CHILD DEVELOPMENT PERSPECTIVES,1750-8592,1750-8606,2007,1,,,,,,,,,,10.1111/(ISSN)1750-8606,Wiley Online Library,host,http://onlinelibrary.wiley.com/journal/10.1111/(ISSN)1750-8606,Wiley Online Library,administrative,
EARLY INTERVENTION IN PSYCHIATRY,1751-7885,1751-7893,2007,1,,,,,,,,,,10.1111/(ISSN)1751-7893,Wiley Online Library,host,http://onlinelibrary.wiley.com/journal/10.1111/(ISSN)1751-7893,Wiley Online Library,administrative,
HEPATOLOGY RESEARCH,1386-6346,1872-034X,2007,37,,,,,,,,,,10.1111/(ISSN)1872-034X,Wiley Online Library,host,http://onlinelibrary.wiley.com/journal/10.1111/(ISSN)1872-034X,Wiley Online Library,administrative,
INFLUENZA AND OTHER RESPIRATORY VIRUSES,1750-2640,1750-2659,2007,1,,,,,,,,,,10.1111/(ISSN)1750-2659,Wiley Online Library,host,http://onlinelibrary.wiley.com/journal/10.1111/(ISSN)1750-2659,Wiley Online Library,administrative,
JOURNAL OF NEUROPSYCHOLOGY,1748-6645,1748-6653,2007,1,,,,,,,,,,10.1111/(ISSN)1748-6653,Wiley Online Library,host,http://onlinelibrary.wiley.com/journal/10.1111/(ISSN)1748-6653,Wiley Online Library,administrative,
PROGRESS IN NEUROLOGY AND PSYCHIATRY,1367-7543,1931-227X,2007,11,,,,,,,,,,10.1002/(ISSN)1931-227X,Wiley Online Library,host,http://onlinelibrary.wiley.com/journal/10.1002/(ISSN)1931-227X,Wiley Online Library,administrative,
THE CLINICAL RESPIRATORY JOURNAL,1752-6981,1752-699X,2007,1,,,,,,,,,,10.1111/(ISSN)1752-699X,Wiley Online Library,host,http://onlinelibrary.wiley.com/journal/10.1111/(ISSN)1752-699X,Wiley Online Library,administrative,
FOCUS ON ALTERNATIVE AND COMPLEMENTARY THERAPIES AN EVIDENCE-BASED APPROACH,1465-3753,2042-7166,2008,13,,,,,,,,,,10.1111/(ISSN)2042-7166,Wiley Online Library,host,http://onlinelibrary.wiley.com/journal/10.1111/(ISSN)2042-7166,Wiley Online Library,administrative,
JOURNAL OF RENAL CARE,1755-6678,1755-6686,2008,34,,,,,,,,,,10.1111/(ISSN)1755-6686,Wiley Online Library,host,http://onlinelibrary.wiley.com/journal/10.1111/(ISSN)1755-6686,Wiley Online Library,administrative,
ORAL SURGERY,1752-2471,1752-248X,2008,1,,,,,,,,,,10.1111/(ISSN)1752-248X,Wiley Online Library,host,http://onlinelibrary.wiley.com/journal/10.1111/(ISSN)1752-248X,Wiley Online Library,administrative,
INTERNATIONAL JOURNAL OF PHARMACY PRACTICE,0961-7671,2042-7174,2009,17,,,,,,,,,,10.1111/(ISSN)2042-7174,Wiley Online Library,host,http://onlinelibrary.wiley.com/journal/10.1111/(ISSN)2042-7174,Wiley Online Library,administrative,
JOURNAL FOR HEALTHCARE QUALITY,1062-2551,1945-1474,2009,31,,,,,,,,,,10.1111/(ISSN)1945-1474,Wiley Online Library,host,http://onlinelibrary.wiley.com/journal/10.1111/(ISSN)1945-1474,Wiley Online Library,administrative,
ARTHRITIS CARE AND RESEARCH,2151-464X,#N/A,2010,,,,,,,,,,,10.1002/(ISSN)2151-4658,Wiley Online Library,host,http://onlinelibrary.wiley.com/journal/10.1002/(ISSN)2151-4658,Wiley Online Library,administrative,
INFANCY,1525-0008,1532-7078,2010,45,,,,,,,,,,10.1111/(ISSN)1532-7078,Wiley Online Library,host,http://onlinelibrary.wiley.com/journal/10.1111/(ISSN)1532-7078,Wiley Online Library,administrative,
PRACTICAL DIABETES,2047-2897,2047-2900,2011,28,,,,,,,,,,10.1002/(ISSN)1528-252X,Wiley Online Library,host,http://onlinelibrary.wiley.com/journal/10.1002/(ISSN)1528-252X,Wiley Online Library,administrative,
INTERNATIONAL JOURNAL OF NURSING KNOWLEDGE,2047-3087,2047-3095,2012,23,,,,,,,,,,10.1111/(ISSN)1744-618X,Wiley Online Library,host,http://onlinelibrary.wiley.com/journal/10.1111/(ISSN)1744-618X,Wiley Online Library,administrative,
PEDIATRIC OBESITY,2047-6302,2047-6310,2012,7,,,,,,,,,,10.1111/(ISSN)2047-6310,Wiley Online Library,host,http://onlinelibrary.wiley.com/journal/10.1111/(ISSN)2047-6310,Wiley Online Library,administrative,
BIOLOGY OF THE CELL,0248-4900,1768-322X,,,,,,,,,,,,,Wiley Online Library,host,,Wiley Online Library,administrative,
